symptom	biologicalSystem	effect	efoId	ensemblId	event	eventId	liability	pmid	ref	target	uberonCode	uberonId	url
arteriolar dilation/hypotension	cardiovascular system	activation_general	EFO_0005251	ENSG00000168398	""	""	""	""	Urban et al. (2012)	BDKRB2	UBERON_0004535	""	https://doi.org/10.1002/9781118098141.ch2
cardiomyopathy	cardiovascular system	inhibition_general	EFO_0000318	ENSG00000168398	""	""	""	""	Urban et al. (2012)	BDKRB2	UBERON_0004535	""	https://doi.org/10.1002/9781118098141.ch2
hypertension	cardiovascular system	inhibition_general	EFO_0000537	ENSG00000168398	""	""	""	""	Urban et al. (2012)	BDKRB2	UBERON_0004535	""	https://doi.org/10.1002/9781118098141.ch2
arrhythmia	cardiovascular system	inhibition_general	EFO_0004269	ENSG00000168398	""	""	""	""	Urban et al. (2012)	BDKRB2	UBERON_0004535	""	https://doi.org/10.1002/9781118098141.ch2
smooth-muscle contraction	cardiovascular system	activation_general	GO_0006939	ENSG00000168398	""	""	""	""	Urban et al. (2012)	BDKRB2	UBERON_0004535	""	https://doi.org/10.1002/9781118098141.ch2
cough	cardiovascular system	activation_general	HP_0012735	ENSG00000168398	""	""	""	""	Urban et al. (2012)	BDKRB2	UBERON_0004535	""	https://doi.org/10.1002/9781118098141.ch2
nociception	cardiovascular system	activation_general	EFO_0003843	ENSG00000168398	""	""	""	""	Urban et al. (2012)	BDKRB2	UBERON_0004535	""	https://doi.org/10.1002/9781118098141.ch2
angiogenesis	cardiovascular system	activation_general	""	ENSG00000168398	""	""	""	""	Urban et al. (2012)	BDKRB2	UBERON_0004535	""	https://doi.org/10.1002/9781118098141.ch2
acute allergic inflammation	cardiovascular system	activation_general	""	ENSG00000168398	""	""	""	""	Urban et al. (2012)	BDKRB2	UBERON_0004535	""	https://doi.org/10.1002/9781118098141.ch2
analgesia	cardiovascular system	activation_general	EFO_1001484	ENSG00000082556	""	""	""	""	Urban et al. (2012)	OPRK1	UBERON_0004535	""	https://doi.org/10.1002/9781118098141.ch2
sedation	cardiovascular system	activation_general	EFO_0009868	ENSG00000082556	""	""	""	""	Urban et al. (2012)	OPRK1	UBERON_0004535	""	https://doi.org/10.1002/9781118098141.ch2
hypotension	cardiovascular system	activation_general	EFO_0005251	ENSG00000082556	""	""	""	""	Urban et al. (2012)	OPRK1	UBERON_0004535	""	https://doi.org/10.1002/9781118098141.ch2
tachycardia	cardiovascular system	activation_general	HP_0001649	ENSG00000082556	""	""	""	""	Urban et al. (2012)	OPRK1	UBERON_0004535	""	https://doi.org/10.1002/9781118098141.ch2
diuresis	cardiovascular system	activation_general	HP_0000103	ENSG00000082556	""	""	""	""	Urban et al. (2012)	OPRK1	UBERON_0004535	""	https://doi.org/10.1002/9781118098141.ch2
dysphoria	cardiovascular system	activation_general	EFO_0009867	ENSG00000082556	""	""	""	""	Urban et al. (2012)	OPRK1	UBERON_0004535	""	https://doi.org/10.1002/9781118098141.ch2
dizziness	cardiovascular system	activation_general	EFO_0009847	ENSG00000082556	""	""	""	""	Urban et al. (2012)	OPRK1	UBERON_0004535	""	https://doi.org/10.1002/9781118098141.ch2
paresthesia	cardiovascular system	activation_general	HP_0003401	ENSG00000082556	""	""	""	""	Urban et al. (2012)	OPRK1	UBERON_0004535	""	https://doi.org/10.1002/9781118098141.ch2
antipruritic effects	cardiovascular system	activation_general	""	ENSG00000082556	""	""	""	""	Urban et al. (2012)	OPRK1	UBERON_0004535	""	https://doi.org/10.1002/9781118098141.ch2
interaction with dopaminergic transmission and hallucination	cardiovascular system	activation_general	""	ENSG00000082556	""	""	""	""	Urban et al. (2012)	OPRK1	UBERON_0004535	""	https://doi.org/10.1002/9781118098141.ch2
psychotomimetic effects	cardiovascular system	activation_general	""	ENSG00000082556	""	""	""	""	Urban et al. (2012)	OPRK1	UBERON_0004535	""	https://doi.org/10.1002/9781118098141.ch2
analgesia	nervous system	activation_general	EFO_1001484	ENSG00000082556	""	""	""	""	Urban et al. (2012)	OPRK1	UBERON_0001016	""	https://doi.org/10.1002/9781118098141.ch2
sedation	nervous system	activation_general	EFO_0009868	ENSG00000082556	""	""	""	""	Urban et al. (2012)	OPRK1	UBERON_0001016	""	https://doi.org/10.1002/9781118098141.ch2
hypotension	nervous system	activation_general	EFO_0005251	ENSG00000082556	""	""	""	""	Urban et al. (2012)	OPRK1	UBERON_0001016	""	https://doi.org/10.1002/9781118098141.ch2
tachycardia	nervous system	activation_general	HP_0001649	ENSG00000082556	""	""	""	""	Urban et al. (2012)	OPRK1	UBERON_0001016	""	https://doi.org/10.1002/9781118098141.ch2
diuresis	nervous system	activation_general	HP_0000103	ENSG00000082556	""	""	""	""	Urban et al. (2012)	OPRK1	UBERON_0001016	""	https://doi.org/10.1002/9781118098141.ch2
dysphoria	nervous system	activation_general	EFO_0009867	ENSG00000082556	""	""	""	""	Urban et al. (2012)	OPRK1	UBERON_0001016	""	https://doi.org/10.1002/9781118098141.ch2
dizziness	nervous system	activation_general	EFO_0009847	ENSG00000082556	""	""	""	""	Urban et al. (2012)	OPRK1	UBERON_0001016	""	https://doi.org/10.1002/9781118098141.ch2
paresthesia	nervous system	activation_general	HP_0003401	ENSG00000082556	""	""	""	""	Urban et al. (2012)	OPRK1	UBERON_0001016	""	https://doi.org/10.1002/9781118098141.ch2
antipruritic effects	nervous system	activation_general	""	ENSG00000082556	""	""	""	""	Urban et al. (2012)	OPRK1	UBERON_0001016	""	https://doi.org/10.1002/9781118098141.ch2
interaction with dopaminergic transmission and hallucination	nervous system	activation_general	""	ENSG00000082556	""	""	""	""	Urban et al. (2012)	OPRK1	UBERON_0001016	""	https://doi.org/10.1002/9781118098141.ch2
psychotomimetic effects	nervous system	activation_general	""	ENSG00000082556	""	""	""	""	Urban et al. (2012)	OPRK1	UBERON_0001016	""	https://doi.org/10.1002/9781118098141.ch2
analgesia	nervous system	activation_general	EFO_1001484	ENSG00000116329	""	""	""	""	Urban et al. (2012)	OPRD1	UBERON_0001016	""	https://doi.org/10.1002/9781118098141.ch2
increased blood pressure	nervous system	inhibition_general	""	ENSG00000116329	""	""	""	""	Urban et al. (2012)	OPRD1	UBERON_0001016	""	https://doi.org/10.1002/9781118098141.ch2
increased cardiac output	nervous system	inhibition_general	""	ENSG00000116329	""	""	""	""	Urban et al. (2012)	OPRD1	UBERON_0001016	""	https://doi.org/10.1002/9781118098141.ch2
increased contractility	nervous system	inhibition_general	""	ENSG00000116329	""	""	""	""	Urban et al. (2012)	OPRD1	UBERON_0001016	""	https://doi.org/10.1002/9781118098141.ch2
increased bloodflow to the heart	nervous system	inhibition_general	""	ENSG00000116329	""	""	""	""	Urban et al. (2012)	OPRD1	UBERON_0001016	""	https://doi.org/10.1002/9781118098141.ch2
increased bloodflow to the kidneys	nervous system	inhibition_general	""	ENSG00000116329	""	""	""	""	Urban et al. (2012)	OPRD1	UBERON_0001016	""	https://doi.org/10.1002/9781118098141.ch2
increased bloodflow to the gastrointestinal tract	nervous system	inhibition_general	""	ENSG00000116329	""	""	""	""	Urban et al. (2012)	OPRD1	UBERON_0001016	""	https://doi.org/10.1002/9781118098141.ch2
increased bloodflow to the skeletal muscle	nervous system	inhibition_general	""	ENSG00000116329	""	""	""	""	Urban et al. (2012)	OPRD1	UBERON_0001016	""	https://doi.org/10.1002/9781118098141.ch2
dysphoria	nervous system	activation_general	EFO_0009867	ENSG00000116329	""	""	""	""	Urban et al. (2012)	OPRD1	UBERON_0001016	""	https://doi.org/10.1002/9781118098141.ch2
psychomimetic effects	nervous system	activation_general	EFO_1000902	ENSG00000116329	""	""	""	""	Urban et al. (2012)	OPRD1	UBERON_0001016	""	https://doi.org/10.1002/9781118098141.ch2
cardiovascular effects	nervous system	activation_general	EFO_0000319	ENSG00000116329	""	""	""	""	Urban et al. (2012)	OPRD1	UBERON_0001016	""	https://doi.org/10.1002/9781118098141.ch2
convulsion	nervous system	activation_general	EFO_0009853	ENSG00000116329	""	""	""	""	Urban et al. (2012)	OPRD1	UBERON_0001016	""	https://doi.org/10.1002/9781118098141.ch2
seizure	nervous system	activation_general	EFO_0009853	ENSG00000116329	""	""	""	""	Urban et al. (2012)	OPRD1	UBERON_0001016	""	https://doi.org/10.1002/9781118098141.ch2
convulsion	nervous system	activation_general	EFO_0009853	ENSG00000116329	""	""	""	""	Urban et al. (2012)	OPRD1	UBERON_0001016	""	https://doi.org/10.1002/9781118098141.ch2
heart effects	nervous system	activation_general	""	ENSG00000116329	""	""	""	""	Urban et al. (2012)	OPRD1	UBERON_0001016	""	https://doi.org/10.1002/9781118098141.ch2
respiratory depression	nervous system	activation_general	EFO_0009842	ENSG00000116329	""	""	""	""	Urban et al. (2012)	OPRD1	UBERON_0001016	""	https://doi.org/10.1002/9781118098141.ch2
analgesia	cardiovascular system	activation_general	EFO_1001484	ENSG00000116329	""	""	""	""	Urban et al. (2012)	OPRD1	UBERON_0004535	""	https://doi.org/10.1002/9781118098141.ch2
increased blood pressure	cardiovascular system	inhibition_general	""	ENSG00000116329	""	""	""	""	Urban et al. (2012)	OPRD1	UBERON_0004535	""	https://doi.org/10.1002/9781118098141.ch2
increased cardiac output	cardiovascular system	inhibition_general	""	ENSG00000116329	""	""	""	""	Urban et al. (2012)	OPRD1	UBERON_0004535	""	https://doi.org/10.1002/9781118098141.ch2
increased contractility	cardiovascular system	inhibition_general	""	ENSG00000116329	""	""	""	""	Urban et al. (2012)	OPRD1	UBERON_0004535	""	https://doi.org/10.1002/9781118098141.ch2
increased bloodflow to the heart	cardiovascular system	inhibition_general	""	ENSG00000116329	""	""	""	""	Urban et al. (2012)	OPRD1	UBERON_0004535	""	https://doi.org/10.1002/9781118098141.ch2
increased bloodflow to the kidneys	cardiovascular system	inhibition_general	""	ENSG00000116329	""	""	""	""	Urban et al. (2012)	OPRD1	UBERON_0004535	""	https://doi.org/10.1002/9781118098141.ch2
increased bloodflow to the gastrointestinal tract	cardiovascular system	inhibition_general	""	ENSG00000116329	""	""	""	""	Urban et al. (2012)	OPRD1	UBERON_0004535	""	https://doi.org/10.1002/9781118098141.ch2
increased bloodflow to the skeletal muscle	cardiovascular system	inhibition_general	""	ENSG00000116329	""	""	""	""	Urban et al. (2012)	OPRD1	UBERON_0004535	""	https://doi.org/10.1002/9781118098141.ch2
dysphoria	cardiovascular system	activation_general	EFO_0009867	ENSG00000116329	""	""	""	""	Urban et al. (2012)	OPRD1	UBERON_0004535	""	https://doi.org/10.1002/9781118098141.ch2
psychomimetic effects	cardiovascular system	activation_general	EFO_1000902	ENSG00000116329	""	""	""	""	Urban et al. (2012)	OPRD1	UBERON_0004535	""	https://doi.org/10.1002/9781118098141.ch2
cardiovascular effects	cardiovascular system	activation_general	EFO_0000319	ENSG00000116329	""	""	""	""	Urban et al. (2012)	OPRD1	UBERON_0004535	""	https://doi.org/10.1002/9781118098141.ch2
convulsion	cardiovascular system	activation_general	EFO_0009853	ENSG00000116329	""	""	""	""	Urban et al. (2012)	OPRD1	UBERON_0004535	""	https://doi.org/10.1002/9781118098141.ch2
seizure	cardiovascular system	activation_general	EFO_0009853	ENSG00000116329	""	""	""	""	Urban et al. (2012)	OPRD1	UBERON_0004535	""	https://doi.org/10.1002/9781118098141.ch2
convulsion	cardiovascular system	activation_general	EFO_0009853	ENSG00000116329	""	""	""	""	Urban et al. (2012)	OPRD1	UBERON_0004535	""	https://doi.org/10.1002/9781118098141.ch2
heart effects	cardiovascular system	activation_general	""	ENSG00000116329	""	""	""	""	Urban et al. (2012)	OPRD1	UBERON_0004535	""	https://doi.org/10.1002/9781118098141.ch2
respiratory depression	cardiovascular system	activation_general	EFO_0009842	ENSG00000116329	""	""	""	""	Urban et al. (2012)	OPRD1	UBERON_0004535	""	https://doi.org/10.1002/9781118098141.ch2
vasoconstriction	cardiovascular system	activation_general	""	ENSG00000006638	""	""	""	""	Urban et al. (2012)	TBXA2R	UBERON_0004535	""	https://doi.org/10.1002/9781118098141.ch2
inhibition platelet aggregation	cardiovascular system	inhibition_general	GO_0090331	ENSG00000006638	""	""	""	""	Urban et al. (2012)	TBXA2R	UBERON_0004535	""	https://doi.org/10.1002/9781118098141.ch2
bronchoconstriction	cardiovascular system	activation_general	EFO_0009836	ENSG00000006638	""	""	""	""	Urban et al. (2012)	TBXA2R	UBERON_0004535	""	https://doi.org/10.1002/9781118098141.ch2
platelet aggregation	cardiovascular system	activation_general	GO_0070527	ENSG00000006638	""	""	""	""	Urban et al. (2012)	TBXA2R	UBERON_0004535	""	https://doi.org/10.1002/9781118098141.ch2
myocardial ischemia	cardiovascular system	activation_general	EFO_1001375	ENSG00000006638	""	""	""	""	Urban et al. (2012)	TBXA2R	UBERON_0004535	""	https://doi.org/10.1002/9781118098141.ch2
heart failure	cardiovascular system	activation_general	EFO_0003144	ENSG00000006638	""	""	""	""	Urban et al. (2012)	TBXA2R	UBERON_0004535	""	https://doi.org/10.1002/9781118098141.ch2
sedation	cardiovascular system	activation_general	EFO_0009868	ENSG00000150594	""	""	""	""	Urban et al. (2012)	ADRA2A	UBERON_0004535	""	https://doi.org/10.1002/9781118098141.ch2
gastrointestinal prokinetic effects	cardiovascular system	inhibition_general	HP_0030895	ENSG00000150594	""	""	""	""	Urban et al. (2012)	ADRA2A	UBERON_0004535	""	https://doi.org/10.1002/9781118098141.ch2
analgesia	cardiovascular system	activation_general	EFO_1001484	ENSG00000150594	""	""	""	""	Urban et al. (2012)	ADRA2A	UBERON_0004535	""	https://doi.org/10.1002/9781118098141.ch2
anesthetic-sparing effect	cardiovascular system	activation_general	""	ENSG00000150594	""	""	""	""	Urban et al. (2012)	ADRA2A	UBERON_0004535	""	https://doi.org/10.1002/9781118098141.ch2
central hypotension (reduction of blood pressure and heart rate)	cardiovascular system	activation_general	EFO_0005251	ENSG00000150594	""	""	""	""	Urban et al. (2012)	ADRA2A	UBERON_0004535	""	https://doi.org/10.1002/9781118098141.ch2
hypothermia	cardiovascular system	activation_general	HP_0002045	ENSG00000150594	""	""	""	""	Urban et al. (2012)	ADRA2A	UBERON_0004535	""	https://doi.org/10.1002/9781118098141.ch2
hyperglycemia	cardiovascular system	activation_general	HP_0003074	ENSG00000150594	""	""	""	""	Urban et al. (2012)	ADRA2A	UBERON_0004535	""	https://doi.org/10.1002/9781118098141.ch2
memory impairment	cardiovascular system	activation_general	EFO_0001072	ENSG00000150594	""	""	""	""	Urban et al. (2012)	ADRA2A	UBERON_0004535	""	https://doi.org/10.1002/9781118098141.ch2
weight gain	cardiovascular system	activation_general	EFO_0004566	ENSG00000150594	""	""	""	""	Urban et al. (2012)	ADRA2A	UBERON_0004535	""	https://doi.org/10.1002/9781118098141.ch2
sedation	nervous system	activation_general	EFO_0009868	ENSG00000150594	""	""	""	""	Urban et al. (2012)	ADRA2A	UBERON_0001016	""	https://doi.org/10.1002/9781118098141.ch2
gastrointestinal prokinetic effects	nervous system	inhibition_general	HP_0030895	ENSG00000150594	""	""	""	""	Urban et al. (2012)	ADRA2A	UBERON_0001016	""	https://doi.org/10.1002/9781118098141.ch2
analgesia	nervous system	activation_general	EFO_1001484	ENSG00000150594	""	""	""	""	Urban et al. (2012)	ADRA2A	UBERON_0001016	""	https://doi.org/10.1002/9781118098141.ch2
anesthetic-sparing effect	nervous system	activation_general	""	ENSG00000150594	""	""	""	""	Urban et al. (2012)	ADRA2A	UBERON_0001016	""	https://doi.org/10.1002/9781118098141.ch2
central hypotension (reduction of blood pressure and heart rate)	nervous system	activation_general	EFO_0005251	ENSG00000150594	""	""	""	""	Urban et al. (2012)	ADRA2A	UBERON_0001016	""	https://doi.org/10.1002/9781118098141.ch2
hypothermia	nervous system	activation_general	HP_0002045	ENSG00000150594	""	""	""	""	Urban et al. (2012)	ADRA2A	UBERON_0001016	""	https://doi.org/10.1002/9781118098141.ch2
hyperglycemia	nervous system	activation_general	HP_0003074	ENSG00000150594	""	""	""	""	Urban et al. (2012)	ADRA2A	UBERON_0001016	""	https://doi.org/10.1002/9781118098141.ch2
memory impairment	nervous system	activation_general	EFO_0001072	ENSG00000150594	""	""	""	""	Urban et al. (2012)	ADRA2A	UBERON_0001016	""	https://doi.org/10.1002/9781118098141.ch2
weight gain	nervous system	activation_general	EFO_0004566	ENSG00000150594	""	""	""	""	Urban et al. (2012)	ADRA2A	UBERON_0001016	""	https://doi.org/10.1002/9781118098141.ch2
energy homeostasis	endocrine	activation_general	""	ENSG00000121853	""	""	""	""	Urban et al. (2012)	GHSR	UBERON_0000949	""	https://doi.org/10.1002/9781118098141.ch2
cardiovascular effects (reduced rates of left ventricular contraction and relaxation, hypertension, tachycardia)	endocrine	inhibition_general	EFO_0000319	ENSG00000121853	""	""	""	""	Urban et al. (2012)	GHSR	UBERON_0000949	""	https://doi.org/10.1002/9781118098141.ch2
gastric motility	endocrine	inhibition_general	HP_0002579	ENSG00000121853	""	""	""	""	Urban et al. (2012)	GHSR	UBERON_0000949	""	https://doi.org/10.1002/9781118098141.ch2
growth hormone release	endocrine	activation_general	GO_0030252	ENSG00000121853	""	""	""	""	Urban et al. (2012)	GHSR	UBERON_0000949	""	https://doi.org/10.1002/9781118098141.ch2
adrenocorticotropic hormone release	endocrine	activation_general	HP_0003154	ENSG00000121853	""	""	""	""	Urban et al. (2012)	GHSR	UBERON_0000949	""	https://doi.org/10.1002/9781118098141.ch2
cortisol release	endocrine	activation_general	GO_0043400	ENSG00000121853	""	""	""	""	Urban et al. (2012)	GHSR	UBERON_0000949	""	https://doi.org/10.1002/9781118098141.ch2
appetite stimulation	endocrine	activation_general	HP_0100738	ENSG00000121853	""	""	""	""	Urban et al. (2012)	GHSR	UBERON_0000949	""	https://doi.org/10.1002/9781118098141.ch2
hyperglycemia	endocrine	activation_general	HP_0003074	ENSG00000121853	""	""	""	""	Urban et al. (2012)	GHSR	UBERON_0000949	""	https://doi.org/10.1002/9781118098141.ch2
reduced insulin secretion	endocrine	activation_general	HP_0040216	ENSG00000121853	""	""	""	""	Urban et al. (2012)	GHSR	UBERON_0000949	""	https://doi.org/10.1002/9781118098141.ch2
hypotension	endocrine	activation_general	EFO_0005251	ENSG00000121853	""	""	""	""	Urban et al. (2012)	GHSR	UBERON_0000949	""	https://doi.org/10.1002/9781118098141.ch2
energy homeostasis	cardiovascular system	activation_general	""	ENSG00000121853	""	""	""	""	Urban et al. (2012)	GHSR	UBERON_0004535	""	https://doi.org/10.1002/9781118098141.ch2
cardiovascular effects (reduced rates of left ventricular contraction and relaxation, hypertension, tachycardia)	cardiovascular system	inhibition_general	EFO_0000319	ENSG00000121853	""	""	""	""	Urban et al. (2012)	GHSR	UBERON_0004535	""	https://doi.org/10.1002/9781118098141.ch2
gastric motility	cardiovascular system	inhibition_general	HP_0002579	ENSG00000121853	""	""	""	""	Urban et al. (2012)	GHSR	UBERON_0004535	""	https://doi.org/10.1002/9781118098141.ch2
growth hormone release	cardiovascular system	activation_general	GO_0030252	ENSG00000121853	""	""	""	""	Urban et al. (2012)	GHSR	UBERON_0004535	""	https://doi.org/10.1002/9781118098141.ch2
adrenocorticotropic hormone release	cardiovascular system	activation_general	HP_0003154	ENSG00000121853	""	""	""	""	Urban et al. (2012)	GHSR	UBERON_0004535	""	https://doi.org/10.1002/9781118098141.ch2
cortisol release	cardiovascular system	activation_general	GO_0043400	ENSG00000121853	""	""	""	""	Urban et al. (2012)	GHSR	UBERON_0004535	""	https://doi.org/10.1002/9781118098141.ch2
appetite stimulation	cardiovascular system	activation_general	HP_0100738	ENSG00000121853	""	""	""	""	Urban et al. (2012)	GHSR	UBERON_0004535	""	https://doi.org/10.1002/9781118098141.ch2
hyperglycemia	cardiovascular system	activation_general	HP_0003074	ENSG00000121853	""	""	""	""	Urban et al. (2012)	GHSR	UBERON_0004535	""	https://doi.org/10.1002/9781118098141.ch2
reduced insulin secretion	cardiovascular system	activation_general	HP_0040216	ENSG00000121853	""	""	""	""	Urban et al. (2012)	GHSR	UBERON_0004535	""	https://doi.org/10.1002/9781118098141.ch2
hypotension	cardiovascular system	activation_general	EFO_0005251	ENSG00000121853	""	""	""	""	Urban et al. (2012)	GHSR	UBERON_0004535	""	https://doi.org/10.1002/9781118098141.ch2
increased mortality in heart failure patients	cardiovascular system	inhibition_chronic	""	ENSG00000172572	""	""	""	""	Urban et al. (2012)	PDE3A	UBERON_0004535	""	https://doi.org/10.1002/9781118098141.ch2
ventricular arrhythmias	cardiovascular system	inhibition_general	HP_0004308	ENSG00000172572	""	""	""	""	Urban et al. (2012)	PDE3A	UBERON_0004535	""	https://doi.org/10.1002/9781118098141.ch2
tachycardia	cardiovascular system	inhibition_general	HP_0001649	ENSG00000172572	""	""	""	""	Urban et al. (2012)	PDE3A	UBERON_0004535	""	https://doi.org/10.1002/9781118098141.ch2
hypotension	cardiovascular system	inhibition_general	EFO_0005251	ENSG00000172572	""	""	""	""	Urban et al. (2012)	PDE3A	UBERON_0004535	""	https://doi.org/10.1002/9781118098141.ch2
thrombocytopenia	cardiovascular system	inhibition_chronic	HP_0001873	ENSG00000172572	""	""	""	""	Urban et al. (2012)	PDE3A	UBERON_0004535	""	https://doi.org/10.1002/9781118098141.ch2
smooth-muscle contraction (prostate in particular, effects on the lower urinary tract)	gastrointestinal	activation_general	GO_0006939	ENSG00000120907	""	""	""	""	Urban et al. (2012)	ADRA1A	UBERON_0005409	""	https://doi.org/10.1002/9781118098141.ch2
orthostatic hypotension	gastrointestinal	inhibition_general	EFO_0005252	ENSG00000120907	""	""	""	""	Urban et al. (2012)	ADRA1A	UBERON_0005409	""	https://doi.org/10.1002/9781118098141.ch2
blood pressure events	gastrointestinal	inhibition_general	""	ENSG00000120907	""	""	""	""	Urban et al. (2012)	ADRA1A	UBERON_0005409	""	https://doi.org/10.1002/9781118098141.ch2
sexual function	gastrointestinal	inhibition_general	EFO_0004714	ENSG00000120907	""	""	""	""	Urban et al. (2012)	ADRA1A	UBERON_0005409	""	https://doi.org/10.1002/9781118098141.ch2
cardiac positive ionotropy	gastrointestinal	activation_general	GO_0045823	ENSG00000120907	""	""	""	""	Urban et al. (2012)	ADRA1A	UBERON_0005409	""	https://doi.org/10.1002/9781118098141.ch2
arrhythmia	gastrointestinal	activation_general	EFO_0004269	ENSG00000120907	""	""	""	""	Urban et al. (2012)	ADRA1A	UBERON_0005409	""	https://doi.org/10.1002/9781118098141.ch2
smooth-muscle contraction (prostate in particular, effects on the lower urinary tract)	cardiovascular system	activation_general	GO_0006939	ENSG00000120907	""	""	""	""	Urban et al. (2012)	ADRA1A	UBERON_0004535	""	https://doi.org/10.1002/9781118098141.ch2
orthostatic hypotension	cardiovascular system	inhibition_general	EFO_0005252	ENSG00000120907	""	""	""	""	Urban et al. (2012)	ADRA1A	UBERON_0004535	""	https://doi.org/10.1002/9781118098141.ch2
blood pressure events	cardiovascular system	inhibition_general	""	ENSG00000120907	""	""	""	""	Urban et al. (2012)	ADRA1A	UBERON_0004535	""	https://doi.org/10.1002/9781118098141.ch2
sexual function	cardiovascular system	inhibition_general	EFO_0004714	ENSG00000120907	""	""	""	""	Urban et al. (2012)	ADRA1A	UBERON_0004535	""	https://doi.org/10.1002/9781118098141.ch2
cardiac positive ionotropy	cardiovascular system	activation_general	GO_0045823	ENSG00000120907	""	""	""	""	Urban et al. (2012)	ADRA1A	UBERON_0004535	""	https://doi.org/10.1002/9781118098141.ch2
arrhythmia	cardiovascular system	activation_general	EFO_0004269	ENSG00000120907	""	""	""	""	Urban et al. (2012)	ADRA1A	UBERON_0004535	""	https://doi.org/10.1002/9781118098141.ch2
peripheral and central vasodilation	cardiovascular system	inhibition_general	""	ENSG00000112759	""	""	""	""	Urban et al. (2012)	SLC29A1	UBERON_0004535	""	https://doi.org/10.1002/9781118098141.ch2
inhibition of platelet aggregation	cardiovascular system	inhibition_general	GO_0090331	ENSG00000112759	""	""	""	""	Urban et al. (2012)	SLC29A1	UBERON_0004535	""	https://doi.org/10.1002/9781118098141.ch2
promotion of sleep	cardiovascular system	inhibition_general	EFO_0009843	ENSG00000112759	""	""	""	""	Urban et al. (2012)	SLC29A1	UBERON_0004535	""	https://doi.org/10.1002/9781118098141.ch2
angina pectoris	cardiovascular system	inhibition_general	EFO_0003913	ENSG00000112759	""	""	""	""	Urban et al. (2012)	SLC29A1	UBERON_0004535	""	https://doi.org/10.1002/9781118098141.ch2
dizziness	cardiovascular system	inhibition_general	EFO_0009847	ENSG00000112759	""	""	""	""	Urban et al. (2012)	SLC29A1	UBERON_0004535	""	https://doi.org/10.1002/9781118098141.ch2
hypotension	cardiovascular system	inhibition_general	EFO_0005251	ENSG00000112759	""	""	""	""	Urban et al. (2012)	SLC29A1	UBERON_0004535	""	https://doi.org/10.1002/9781118098141.ch2
cardiac death	cardiovascular system	inhibition_general	""	ENSG00000112759	""	""	""	""	Urban et al. (2012)	SLC29A1	UBERON_0004535	""	https://doi.org/10.1002/9781118098141.ch2
myocardial infarction	cardiovascular system	inhibition_general	""	ENSG00000112759	""	""	""	""	Urban et al. (2012)	SLC29A1	UBERON_0004535	""	https://doi.org/10.1002/9781118098141.ch2
ventricular fibrillation	cardiovascular system	inhibition_general	""	ENSG00000112759	""	""	""	""	Urban et al. (2012)	SLC29A1	UBERON_0004535	""	https://doi.org/10.1002/9781118098141.ch2
ventricular tachycardia	cardiovascular system	inhibition_general	""	ENSG00000112759	""	""	""	""	Urban et al. (2012)	SLC29A1	UBERON_0004535	""	https://doi.org/10.1002/9781118098141.ch2
stroke	cardiovascular system	inhibition_general	""	ENSG00000112759	""	""	""	""	Urban et al. (2012)	SLC29A1	UBERON_0004535	""	https://doi.org/10.1002/9781118098141.ch2
transient cerebral ischemia	cardiovascular system	inhibition_general	""	ENSG00000112759	""	""	""	""	Urban et al. (2012)	SLC29A1	UBERON_0004535	""	https://doi.org/10.1002/9781118098141.ch2
seizure	cardiovascular system	inhibition_general	""	ENSG00000112759	""	""	""	""	Urban et al. (2012)	SLC29A1	UBERON_0004535	""	https://doi.org/10.1002/9781118098141.ch2
anaphylactoid reaction	cardiovascular system	inhibition_general	""	ENSG00000112759	""	""	""	""	Urban et al. (2012)	SLC29A1	UBERON_0004535	""	https://doi.org/10.1002/9781118098141.ch2
bronchospasm	cardiovascular system	inhibition_general	""	ENSG00000112759	""	""	""	""	Urban et al. (2012)	SLC29A1	UBERON_0004535	""	https://doi.org/10.1002/9781118098141.ch2
"hypertensive when combined with pressor amines such as tyramine present in cheese: inhibitors may induce severe hypertensive crisis (known as \"cheese reaction\")"	cardiovascular system	inhibition_general	""	ENSG00000189221	""	""	""	""	Urban et al. (2012)	MAOA	UBERON_0004535	""	https://doi.org/10.1002/9781118098141.ch2
serotonin syndrome	cardiovascular system	inhibition_general	""	ENSG00000189221	""	""	""	""	Urban et al. (2012)	MAOA	UBERON_0004535	""	https://doi.org/10.1002/9781118098141.ch2
dizziness	cardiovascular system	inhibition_general	""	ENSG00000189221	""	""	""	""	Urban et al. (2012)	MAOA	UBERON_0004535	""	https://doi.org/10.1002/9781118098141.ch2
blurred vision	cardiovascular system	inhibition_general	""	ENSG00000189221	""	""	""	""	Urban et al. (2012)	MAOA	UBERON_0004535	""	https://doi.org/10.1002/9781118098141.ch2
weakness	cardiovascular system	inhibition_general	""	ENSG00000189221	""	""	""	""	Urban et al. (2012)	MAOA	UBERON_0004535	""	https://doi.org/10.1002/9781118098141.ch2
hypomania	cardiovascular system	inhibition_general	""	ENSG00000189221	""	""	""	""	Urban et al. (2012)	MAOA	UBERON_0004535	""	https://doi.org/10.1002/9781118098141.ch2
"hypertensive when combined with pressor amines such as tyramine present in cheese: inhibitors may induce severe hypertensive crisis (known as \"cheese reaction\")"	central nervous system	inhibition_general	""	ENSG00000189221	""	""	""	""	Urban et al. (2012)	MAOA	UBERON_0001017	""	https://doi.org/10.1002/9781118098141.ch2
serotonin syndrome	central nervous system	inhibition_general	""	ENSG00000189221	""	""	""	""	Urban et al. (2012)	MAOA	UBERON_0001017	""	https://doi.org/10.1002/9781118098141.ch2
dizziness	central nervous system	inhibition_general	""	ENSG00000189221	""	""	""	""	Urban et al. (2012)	MAOA	UBERON_0001017	""	https://doi.org/10.1002/9781118098141.ch2
blurred vision	central nervous system	inhibition_general	""	ENSG00000189221	""	""	""	""	Urban et al. (2012)	MAOA	UBERON_0001017	""	https://doi.org/10.1002/9781118098141.ch2
weakness	central nervous system	inhibition_general	""	ENSG00000189221	""	""	""	""	Urban et al. (2012)	MAOA	UBERON_0001017	""	https://doi.org/10.1002/9781118098141.ch2
hypomania	central nervous system	inhibition_general	""	ENSG00000189221	""	""	""	""	Urban et al. (2012)	MAOA	UBERON_0001017	""	https://doi.org/10.1002/9781118098141.ch2
atrial fibrillation	cardiovascular system	activation_general	EFO_0000275	ENSG00000053918	""	""	""	""	Urban et al. (2012)	KCNQ1	UBERON_0004535	""	https://doi.org/10.1002/9781118098141.ch2
long QT syndrome	cardiovascular system	inhibition_general	MONDO_0002442	ENSG00000053918	""	""	""	""	Urban et al. (2012)	KCNQ1	UBERON_0004535	""	https://doi.org/10.1002/9781118098141.ch2
hearing impairment	cardiovascular system	inhibition_general	EFO_0004238	ENSG00000053918	""	""	""	""	Urban et al. (2012)	KCNQ1	UBERON_0004535	""	https://doi.org/10.1002/9781118098141.ch2
deafness	cardiovascular system	inhibition_general	EFO_0001063	ENSG00000053918	""	""	""	""	Urban et al. (2012)	KCNQ1	UBERON_0004535	""	https://doi.org/10.1002/9781118098141.ch2
gastrointestinal symptoms	cardiovascular system	inhibition_general	HP_0012719	ENSG00000053918	""	""	""	""	Urban et al. (2012)	KCNQ1	UBERON_0004535	""	https://doi.org/10.1002/9781118098141.ch2
inhibition of platelet aggregation	cardiovascular system	activation_general	GO_0090331	ENSG00000128271	""	""	""	""	Urban et al. (2012)	ADORA2A	UBERON_0004535	""	https://doi.org/10.1002/9781118098141.ch2
increased platelet aggregation	cardiovascular system	inhibition_general	GO_1901731	ENSG00000128271	""	""	""	""	Urban et al. (2012)	ADORA2A	UBERON_0004535	""	https://doi.org/10.1002/9781118098141.ch2
hypertension	cardiovascular system	inhibition_general	EFO_0000537	ENSG00000128271	""	""	""	""	Urban et al. (2012)	ADORA2A	UBERON_0004535	""	https://doi.org/10.1002/9781118098141.ch2
tremors	cardiovascular system	inhibition_general	NCIT_C74532	ENSG00000128271	""	""	""	""	Urban et al. (2012)	ADORA2A	UBERON_0004535	""	https://doi.org/10.1002/9781118098141.ch2
agitation	cardiovascular system	inhibition_general	NCIT_C74532	ENSG00000128271	""	""	""	""	Urban et al. (2012)	ADORA2A	UBERON_0004535	""	https://doi.org/10.1002/9781118098141.ch2
arousal	cardiovascular system	inhibition_general	EFO_0009849	ENSG00000128271	""	""	""	""	Urban et al. (2012)	ADORA2A	UBERON_0004535	""	https://doi.org/10.1002/9781118098141.ch2
insomnia	cardiovascular system	inhibition_general	EFO_0004698	ENSG00000128271	""	""	""	""	Urban et al. (2012)	ADORA2A	UBERON_0004535	""	https://doi.org/10.1002/9781118098141.ch2
cerebral and coronary vasodilation (in microvessels only)	cardiovascular system	inhibition_general	""	ENSG00000128271	""	""	""	""	Urban et al. (2012)	ADORA2A	UBERON_0004535	""	https://doi.org/10.1002/9781118098141.ch2
antiinflammation	cardiovascular system	activation_general	GO_0050728	ENSG00000128271	""	""	""	""	Urban et al. (2012)	ADORA2A	UBERON_0004535	""	https://doi.org/10.1002/9781118098141.ch2
neuroprotective effects	cardiovascular system	activation_general	""	ENSG00000128271	""	""	""	""	Urban et al. (2012)	ADORA2A	UBERON_0004535	""	https://doi.org/10.1002/9781118098141.ch2
coronary vasodilation	cardiovascular system	activation_general	""	ENSG00000128271	""	""	""	""	Urban et al. (2012)	ADORA2A	UBERON_0004535	""	https://doi.org/10.1002/9781118098141.ch2
decreased blood pressure	cardiovascular system	activation_general	EFO_0005251	ENSG00000128271	""	""	""	""	Urban et al. (2012)	ADORA2A	UBERON_0004535	""	https://doi.org/10.1002/9781118098141.ch2
increased plasma renin activity	cardiovascular system	activation_general	GO_1900135	ENSG00000128271	""	""	""	""	Urban et al. (2012)	ADORA2A	UBERON_0004535	""	https://doi.org/10.1002/9781118098141.ch2
sleep induction	cardiovascular system	activation_general	EFO_0009843	ENSG00000128271	""	""	""	""	Urban et al. (2012)	ADORA2A	UBERON_0004535	""	https://doi.org/10.1002/9781118098141.ch2
inhibition of platelet aggregation	nervous system	activation_general	GO_0090331	ENSG00000128271	""	""	""	""	Urban et al. (2012)	ADORA2A	UBERON_0001016	""	https://doi.org/10.1002/9781118098141.ch2
increased platelet aggregation	nervous system	inhibition_general	GO_1901731	ENSG00000128271	""	""	""	""	Urban et al. (2012)	ADORA2A	UBERON_0001016	""	https://doi.org/10.1002/9781118098141.ch2
hypertension	nervous system	inhibition_general	EFO_0000537	ENSG00000128271	""	""	""	""	Urban et al. (2012)	ADORA2A	UBERON_0001016	""	https://doi.org/10.1002/9781118098141.ch2
tremors	nervous system	inhibition_general	NCIT_C74532	ENSG00000128271	""	""	""	""	Urban et al. (2012)	ADORA2A	UBERON_0001016	""	https://doi.org/10.1002/9781118098141.ch2
agitation	nervous system	inhibition_general	NCIT_C74532	ENSG00000128271	""	""	""	""	Urban et al. (2012)	ADORA2A	UBERON_0001016	""	https://doi.org/10.1002/9781118098141.ch2
arousal	nervous system	inhibition_general	EFO_0009849	ENSG00000128271	""	""	""	""	Urban et al. (2012)	ADORA2A	UBERON_0001016	""	https://doi.org/10.1002/9781118098141.ch2
insomnia	nervous system	inhibition_general	EFO_0004698	ENSG00000128271	""	""	""	""	Urban et al. (2012)	ADORA2A	UBERON_0001016	""	https://doi.org/10.1002/9781118098141.ch2
cerebral and coronary vasodilation (in microvessels only)	nervous system	inhibition_general	""	ENSG00000128271	""	""	""	""	Urban et al. (2012)	ADORA2A	UBERON_0001016	""	https://doi.org/10.1002/9781118098141.ch2
antiinflammation	nervous system	activation_general	GO_0050728	ENSG00000128271	""	""	""	""	Urban et al. (2012)	ADORA2A	UBERON_0001016	""	https://doi.org/10.1002/9781118098141.ch2
neuroprotective effects	nervous system	activation_general	""	ENSG00000128271	""	""	""	""	Urban et al. (2012)	ADORA2A	UBERON_0001016	""	https://doi.org/10.1002/9781118098141.ch2
coronary vasodilation	nervous system	activation_general	""	ENSG00000128271	""	""	""	""	Urban et al. (2012)	ADORA2A	UBERON_0001016	""	https://doi.org/10.1002/9781118098141.ch2
decreased blood pressure	nervous system	activation_general	EFO_0005251	ENSG00000128271	""	""	""	""	Urban et al. (2012)	ADORA2A	UBERON_0001016	""	https://doi.org/10.1002/9781118098141.ch2
increased plasma renin activity	nervous system	activation_general	GO_1900135	ENSG00000128271	""	""	""	""	Urban et al. (2012)	ADORA2A	UBERON_0001016	""	https://doi.org/10.1002/9781118098141.ch2
sleep induction	nervous system	activation_general	EFO_0009843	ENSG00000128271	""	""	""	""	Urban et al. (2012)	ADORA2A	UBERON_0001016	""	https://doi.org/10.1002/9781118098141.ch2
long QT	cardiovascular system	inhibition_general	MONDO_0002442	ENSG00000183873	""	""	""	""	Urban et al. (2012)	SCN5A	UBERON_0004535	""	https://doi.org/10.1002/9781118098141.ch2
arrhythmias	cardiovascular system	inhibition_general	EFO_0004269	ENSG00000183873	""	""	""	""	Urban et al. (2012)	SCN5A	UBERON_0004535	""	https://doi.org/10.1002/9781118098141.ch2
TdP	cardiovascular system	inhibition_general	EFO_0005307	ENSG00000183873	""	""	""	""	Urban et al. (2012)	SCN5A	UBERON_0004535	""	https://doi.org/10.1002/9781118098141.ch2
polymorphic ventricular tachycardia	cardiovascular system	inhibition_general	MONDO_0020575	ENSG00000183873	""	""	""	""	Urban et al. (2012)	SCN5A	UBERON_0004535	""	https://doi.org/10.1002/9781118098141.ch2
hemorrhagic events	cardiovascular system	inhibition_general	""	ENSG00000180210	""	""	""	""	Urban et al. (2012)	F2	UBERON_0004535	""	https://doi.org/10.1002/9781118098141.ch2
congestive heart failure	cardiovascular system	inhibition_general	EFO_0000373	ENSG00000103546	""	""	""	""	Urban et al. (2012)	SLC6A2	UBERON_0004535	""	https://doi.org/10.1002/9781118098141.ch2
hypertension (supine)	cardiovascular system	inhibition_general	EFO_0000537	ENSG00000103546	""	""	""	""	Urban et al. (2012)	SLC6A2	UBERON_0004535	""	https://doi.org/10.1002/9781118098141.ch2
tachycardia	cardiovascular system	inhibition_general	HP_0001649	ENSG00000103546	""	""	""	""	Urban et al. (2012)	SLC6A2	UBERON_0004535	""	https://doi.org/10.1002/9781118098141.ch2
vasocontriction	cardiovascular system	activation_general	""	ENSG00000144891	""	""	""	""	Urban et al. (2012)	AGTR1	UBERON_0004535	""	https://doi.org/10.1002/9781118098141.ch2
antihypertensive and cardioprotective agent	cardiovascular system	inhibition_general	""	ENSG00000144891	""	""	""	""	Urban et al. (2012)	AGTR1	UBERON_0004535	""	https://doi.org/10.1002/9781118098141.ch2
hypotension	cardiovascular system	inhibition_general	EFO_0005251	ENSG00000144891	""	""	""	""	Urban et al. (2012)	AGTR1	UBERON_0004535	""	https://doi.org/10.1002/9781118098141.ch2
dry mouth	cardiovascular system	inhibition_general	EFO_0009869	ENSG00000144891	""	""	""	""	Urban et al. (2012)	AGTR1	UBERON_0004535	""	https://doi.org/10.1002/9781118098141.ch2
excessive thirst	cardiovascular system	inhibition_general	HP_0001959	ENSG00000144891	""	""	""	""	Urban et al. (2012)	AGTR1	UBERON_0004535	""	https://doi.org/10.1002/9781118098141.ch2
dizziness	cardiovascular system	inhibition_general	EFO_0009847	ENSG00000144891	""	""	""	""	Urban et al. (2012)	AGTR1	UBERON_0004535	""	https://doi.org/10.1002/9781118098141.ch2
slow or irregular heartbeat	cardiovascular system	inhibition_general	HP_0031860	ENSG00000144891	""	""	""	""	Urban et al. (2012)	AGTR1	UBERON_0004535	""	https://doi.org/10.1002/9781118098141.ch2
positive inotropy	cardiovascular system	activation_general	GO_0045823	ENSG00000144891	""	""	""	""	Urban et al. (2012)	AGTR1	UBERON_0004535	""	https://doi.org/10.1002/9781118098141.ch2
cell proliferation and migration	cardiovascular system	activation_general	GO_0008283	ENSG00000144891	""	""	""	""	Urban et al. (2012)	AGTR1	UBERON_0004535	""	https://doi.org/10.1002/9781118098141.ch2
cardioprotection	nervous system	activation_general	""	ENSG00000163485	""	""	""	""	Urban et al. (2012)	ADORA1	UBERON_0001016	""	https://doi.org/10.1002/9781118098141.ch2
vasodilation	nervous system	inhibition_general	""	ENSG00000163485	""	""	""	""	Urban et al. (2012)	ADORA1	UBERON_0001016	""	https://doi.org/10.1002/9781118098141.ch2
diuresis	nervous system	inhibition_general	HP_0000103	ENSG00000163485	""	""	""	""	Urban et al. (2012)	ADORA1	UBERON_0001016	""	https://doi.org/10.1002/9781118098141.ch2
natriuresis	nervous system	inhibition_general	GO_0035812	ENSG00000163485	""	""	""	""	Urban et al. (2012)	ADORA1	UBERON_0001016	""	https://doi.org/10.1002/9781118098141.ch2
bradycardia	nervous system	activation_general	HP_0001662	ENSG00000163485	""	""	""	""	Urban et al. (2012)	ADORA1	UBERON_0001016	""	https://doi.org/10.1002/9781118098141.ch2
vasoconstriction	nervous system	activation_general	""	ENSG00000163485	""	""	""	""	Urban et al. (2012)	ADORA1	UBERON_0001016	""	https://doi.org/10.1002/9781118098141.ch2
bronchoconstriction	nervous system	activation_general	EFO_0009836	ENSG00000163485	""	""	""	""	Urban et al. (2012)	ADORA1	UBERON_0001016	""	https://doi.org/10.1002/9781118098141.ch2
induction of sleep	nervous system	activation_general	EFO_0009843	ENSG00000163485	""	""	""	""	Urban et al. (2012)	ADORA1	UBERON_0001016	""	https://doi.org/10.1002/9781118098141.ch2
cardioprotection	renal	activation_general	""	ENSG00000163485	""	""	""	""	Urban et al. (2012)	ADORA1	UBERON_0001008	""	https://doi.org/10.1002/9781118098141.ch2
vasodilation	renal	inhibition_general	""	ENSG00000163485	""	""	""	""	Urban et al. (2012)	ADORA1	UBERON_0001008	""	https://doi.org/10.1002/9781118098141.ch2
diuresis	renal	inhibition_general	HP_0000103	ENSG00000163485	""	""	""	""	Urban et al. (2012)	ADORA1	UBERON_0001008	""	https://doi.org/10.1002/9781118098141.ch2
natriuresis	renal	inhibition_general	GO_0035812	ENSG00000163485	""	""	""	""	Urban et al. (2012)	ADORA1	UBERON_0001008	""	https://doi.org/10.1002/9781118098141.ch2
bradycardia	renal	activation_general	HP_0001662	ENSG00000163485	""	""	""	""	Urban et al. (2012)	ADORA1	UBERON_0001008	""	https://doi.org/10.1002/9781118098141.ch2
vasoconstriction	renal	activation_general	""	ENSG00000163485	""	""	""	""	Urban et al. (2012)	ADORA1	UBERON_0001008	""	https://doi.org/10.1002/9781118098141.ch2
bronchoconstriction	renal	activation_general	EFO_0009836	ENSG00000163485	""	""	""	""	Urban et al. (2012)	ADORA1	UBERON_0001008	""	https://doi.org/10.1002/9781118098141.ch2
induction of sleep	renal	activation_general	EFO_0009843	ENSG00000163485	""	""	""	""	Urban et al. (2012)	ADORA1	UBERON_0001008	""	https://doi.org/10.1002/9781118098141.ch2
cardioprotection	cardiovascular system	activation_general	""	ENSG00000163485	""	""	""	""	Urban et al. (2012)	ADORA1	UBERON_0004535	""	https://doi.org/10.1002/9781118098141.ch2
vasodilation	cardiovascular system	inhibition_general	""	ENSG00000163485	""	""	""	""	Urban et al. (2012)	ADORA1	UBERON_0004535	""	https://doi.org/10.1002/9781118098141.ch2
diuresis	cardiovascular system	inhibition_general	HP_0000103	ENSG00000163485	""	""	""	""	Urban et al. (2012)	ADORA1	UBERON_0004535	""	https://doi.org/10.1002/9781118098141.ch2
natriuresis	cardiovascular system	inhibition_general	GO_0035812	ENSG00000163485	""	""	""	""	Urban et al. (2012)	ADORA1	UBERON_0004535	""	https://doi.org/10.1002/9781118098141.ch2
bradycardia	cardiovascular system	activation_general	HP_0001662	ENSG00000163485	""	""	""	""	Urban et al. (2012)	ADORA1	UBERON_0004535	""	https://doi.org/10.1002/9781118098141.ch2
vasoconstriction	cardiovascular system	activation_general	""	ENSG00000163485	""	""	""	""	Urban et al. (2012)	ADORA1	UBERON_0004535	""	https://doi.org/10.1002/9781118098141.ch2
bronchoconstriction	cardiovascular system	activation_general	EFO_0009836	ENSG00000163485	""	""	""	""	Urban et al. (2012)	ADORA1	UBERON_0004535	""	https://doi.org/10.1002/9781118098141.ch2
induction of sleep	cardiovascular system	activation_general	EFO_0009843	ENSG00000163485	""	""	""	""	Urban et al. (2012)	ADORA1	UBERON_0004535	""	https://doi.org/10.1002/9781118098141.ch2
increased mortality of heart failure patients	nervous system	activation_general	""	ENSG00000151067	""	""	""	""	Urban et al. (2012)	CACNA1C	UBERON_0001016	""	https://doi.org/10.1002/9781118098141.ch2
hypotension	nervous system	inhibition_general	EFO_0005251	ENSG00000151067	""	""	""	""	Urban et al. (2012)	CACNA1C	UBERON_0001016	""	https://doi.org/10.1002/9781118098141.ch2
reflex tachycardia	nervous system	inhibition_general	""	ENSG00000151067	""	""	""	""	Urban et al. (2012)	CACNA1C	UBERON_0001016	""	https://doi.org/10.1002/9781118098141.ch2
arrhythmia	nervous system	inhibition_general	EFO_0004269	ENSG00000151067	""	""	""	""	Urban et al. (2012)	CACNA1C	UBERON_0001016	""	https://doi.org/10.1002/9781118098141.ch2
dizziness	nervous system	inhibition_general	EFO_0009847	ENSG00000151067	""	""	""	""	Urban et al. (2012)	CACNA1C	UBERON_0001016	""	https://doi.org/10.1002/9781118098141.ch2
headache	nervous system	inhibition_general	HP_0002315	ENSG00000151067	""	""	""	""	Urban et al. (2012)	CACNA1C	UBERON_0001016	""	https://doi.org/10.1002/9781118098141.ch2
redness in the face	nervous system	inhibition_general	HP_0031284	ENSG00000151067	""	""	""	""	Urban et al. (2012)	CACNA1C	UBERON_0001016	""	https://doi.org/10.1002/9781118098141.ch2
fluid buildup in the legs	nervous system	inhibition_general	""	ENSG00000151067	""	""	""	""	Urban et al. (2012)	CACNA1C	UBERON_0001016	""	https://doi.org/10.1002/9781118098141.ch2
effect on heart rate	nervous system	inhibition_general	HP_0031860	ENSG00000151067	""	""	""	""	Urban et al. (2012)	CACNA1C	UBERON_0001016	""	https://doi.org/10.1002/9781118098141.ch2
constipation	nervous system	inhibition_general	HP_0002019	ENSG00000151067	""	""	""	""	Urban et al. (2012)	CACNA1C	UBERON_0001016	""	https://doi.org/10.1002/9781118098141.ch2
induction of seizures	nervous system	activation_general	HP_0001250	ENSG00000151067	""	""	""	""	Urban et al. (2012)	CACNA1C	UBERON_0001016	""	https://doi.org/10.1002/9781118098141.ch2
increases in peripheral vascular resistance	nervous system	activation_general	""	ENSG00000151067	""	""	""	""	Urban et al. (2012)	CACNA1C	UBERON_0001016	""	https://doi.org/10.1002/9781118098141.ch2
increased systolic blood pressure	nervous system	activation_general	HP_0032263	ENSG00000151067	""	""	""	""	Urban et al. (2012)	CACNA1C	UBERON_0001016	""	https://doi.org/10.1002/9781118098141.ch2
arrhythmia	nervous system	activation_general	EFO_0004269	ENSG00000151067	""	""	""	""	Urban et al. (2012)	CACNA1C	UBERON_0001016	""	https://doi.org/10.1002/9781118098141.ch2
increased mortality of heart failure patients	cardiovascular system	activation_general	""	ENSG00000151067	""	""	""	""	Urban et al. (2012)	CACNA1C	UBERON_0004535	""	https://doi.org/10.1002/9781118098141.ch2
hypotension	cardiovascular system	inhibition_general	EFO_0005251	ENSG00000151067	""	""	""	""	Urban et al. (2012)	CACNA1C	UBERON_0004535	""	https://doi.org/10.1002/9781118098141.ch2
reflex tachycardia	cardiovascular system	inhibition_general	""	ENSG00000151067	""	""	""	""	Urban et al. (2012)	CACNA1C	UBERON_0004535	""	https://doi.org/10.1002/9781118098141.ch2
arrhythmia	cardiovascular system	inhibition_general	EFO_0004269	ENSG00000151067	""	""	""	""	Urban et al. (2012)	CACNA1C	UBERON_0004535	""	https://doi.org/10.1002/9781118098141.ch2
dizziness	cardiovascular system	inhibition_general	EFO_0009847	ENSG00000151067	""	""	""	""	Urban et al. (2012)	CACNA1C	UBERON_0004535	""	https://doi.org/10.1002/9781118098141.ch2
headache	cardiovascular system	inhibition_general	HP_0002315	ENSG00000151067	""	""	""	""	Urban et al. (2012)	CACNA1C	UBERON_0004535	""	https://doi.org/10.1002/9781118098141.ch2
redness in the face	cardiovascular system	inhibition_general	HP_0031284	ENSG00000151067	""	""	""	""	Urban et al. (2012)	CACNA1C	UBERON_0004535	""	https://doi.org/10.1002/9781118098141.ch2
fluid buildup in the legs	cardiovascular system	inhibition_general	""	ENSG00000151067	""	""	""	""	Urban et al. (2012)	CACNA1C	UBERON_0004535	""	https://doi.org/10.1002/9781118098141.ch2
effect on heart rate	cardiovascular system	inhibition_general	HP_0031860	ENSG00000151067	""	""	""	""	Urban et al. (2012)	CACNA1C	UBERON_0004535	""	https://doi.org/10.1002/9781118098141.ch2
constipation	cardiovascular system	inhibition_general	HP_0002019	ENSG00000151067	""	""	""	""	Urban et al. (2012)	CACNA1C	UBERON_0004535	""	https://doi.org/10.1002/9781118098141.ch2
induction of seizures	cardiovascular system	activation_general	HP_0001250	ENSG00000151067	""	""	""	""	Urban et al. (2012)	CACNA1C	UBERON_0004535	""	https://doi.org/10.1002/9781118098141.ch2
increases in peripheral vascular resistance	cardiovascular system	activation_general	""	ENSG00000151067	""	""	""	""	Urban et al. (2012)	CACNA1C	UBERON_0004535	""	https://doi.org/10.1002/9781118098141.ch2
increased systolic blood pressure	cardiovascular system	activation_general	HP_0032263	ENSG00000151067	""	""	""	""	Urban et al. (2012)	CACNA1C	UBERON_0004535	""	https://doi.org/10.1002/9781118098141.ch2
arrhythmia	cardiovascular system	activation_general	EFO_0004269	ENSG00000151067	""	""	""	""	Urban et al. (2012)	CACNA1C	UBERON_0004535	""	https://doi.org/10.1002/9781118098141.ch2
increased mortality of heart failure patients	gastrointestinal	activation_general	""	ENSG00000151067	""	""	""	""	Urban et al. (2012)	CACNA1C	UBERON_0005409	""	https://doi.org/10.1002/9781118098141.ch2
hypotension	gastrointestinal	inhibition_general	EFO_0005251	ENSG00000151067	""	""	""	""	Urban et al. (2012)	CACNA1C	UBERON_0005409	""	https://doi.org/10.1002/9781118098141.ch2
reflex tachycardia	gastrointestinal	inhibition_general	""	ENSG00000151067	""	""	""	""	Urban et al. (2012)	CACNA1C	UBERON_0005409	""	https://doi.org/10.1002/9781118098141.ch2
arrhythmia	gastrointestinal	inhibition_general	EFO_0004269	ENSG00000151067	""	""	""	""	Urban et al. (2012)	CACNA1C	UBERON_0005409	""	https://doi.org/10.1002/9781118098141.ch2
dizziness	gastrointestinal	inhibition_general	EFO_0009847	ENSG00000151067	""	""	""	""	Urban et al. (2012)	CACNA1C	UBERON_0005409	""	https://doi.org/10.1002/9781118098141.ch2
headache	gastrointestinal	inhibition_general	HP_0002315	ENSG00000151067	""	""	""	""	Urban et al. (2012)	CACNA1C	UBERON_0005409	""	https://doi.org/10.1002/9781118098141.ch2
redness in the face	gastrointestinal	inhibition_general	HP_0031284	ENSG00000151067	""	""	""	""	Urban et al. (2012)	CACNA1C	UBERON_0005409	""	https://doi.org/10.1002/9781118098141.ch2
fluid buildup in the legs	gastrointestinal	inhibition_general	""	ENSG00000151067	""	""	""	""	Urban et al. (2012)	CACNA1C	UBERON_0005409	""	https://doi.org/10.1002/9781118098141.ch2
effect on heart rate	gastrointestinal	inhibition_general	HP_0031860	ENSG00000151067	""	""	""	""	Urban et al. (2012)	CACNA1C	UBERON_0005409	""	https://doi.org/10.1002/9781118098141.ch2
constipation	gastrointestinal	inhibition_general	HP_0002019	ENSG00000151067	""	""	""	""	Urban et al. (2012)	CACNA1C	UBERON_0005409	""	https://doi.org/10.1002/9781118098141.ch2
induction of seizures	gastrointestinal	activation_general	HP_0001250	ENSG00000151067	""	""	""	""	Urban et al. (2012)	CACNA1C	UBERON_0005409	""	https://doi.org/10.1002/9781118098141.ch2
increases in peripheral vascular resistance	gastrointestinal	activation_general	""	ENSG00000151067	""	""	""	""	Urban et al. (2012)	CACNA1C	UBERON_0005409	""	https://doi.org/10.1002/9781118098141.ch2
increased systolic blood pressure	gastrointestinal	activation_general	HP_0032263	ENSG00000151067	""	""	""	""	Urban et al. (2012)	CACNA1C	UBERON_0005409	""	https://doi.org/10.1002/9781118098141.ch2
arrhythmia	gastrointestinal	activation_general	EFO_0004269	ENSG00000151067	""	""	""	""	Urban et al. (2012)	CACNA1C	UBERON_0005409	""	https://doi.org/10.1002/9781118098141.ch2
dopaminergic modulation	cardiovascular system	activation_general	""	ENSG00000138435	""	""	""	""	Urban et al. (2012)	CHRNA1	UBERON_0004535	""	https://doi.org/10.1002/9781118098141.ch2
serotoninergic modulation	cardiovascular system	activation_general	""	ENSG00000138435	""	""	""	""	Urban et al. (2012)	CHRNA1	UBERON_0004535	""	https://doi.org/10.1002/9781118098141.ch2
glutamatergic modulation	cardiovascular system	activation_general	""	ENSG00000138435	""	""	""	""	Urban et al. (2012)	CHRNA1	UBERON_0004535	""	https://doi.org/10.1002/9781118098141.ch2
cognitive effects	cardiovascular system	activation_general	""	ENSG00000138435	""	""	""	""	Urban et al. (2012)	CHRNA1	UBERON_0004535	""	https://doi.org/10.1002/9781118098141.ch2
motor effects	cardiovascular system	activation_general	""	ENSG00000138435	""	""	""	""	Urban et al. (2012)	CHRNA1	UBERON_0004535	""	https://doi.org/10.1002/9781118098141.ch2
analgesic effects	cardiovascular system	activation_general	""	ENSG00000138435	""	""	""	""	Urban et al. (2012)	CHRNA1	UBERON_0004535	""	https://doi.org/10.1002/9781118098141.ch2
autonomic effects	cardiovascular system	activation_general	""	ENSG00000138435	""	""	""	""	Urban et al. (2012)	CHRNA1	UBERON_0004535	""	https://doi.org/10.1002/9781118098141.ch2
respiratory effects	cardiovascular system	activation_general	""	ENSG00000138435	""	""	""	""	Urban et al. (2012)	CHRNA1	UBERON_0004535	""	https://doi.org/10.1002/9781118098141.ch2
cardiovascular effects	cardiovascular system	activation_general	""	ENSG00000138435	""	""	""	""	Urban et al. (2012)	CHRNA1	UBERON_0004535	""	https://doi.org/10.1002/9781118098141.ch2
gastrointestinal effects	cardiovascular system	activation_general	""	ENSG00000138435	""	""	""	""	Urban et al. (2012)	CHRNA1	UBERON_0004535	""	https://doi.org/10.1002/9781118098141.ch2
muscle relaxant	cardiovascular system	inhibition_general	""	ENSG00000138435	""	""	""	""	Urban et al. (2012)	CHRNA1	UBERON_0004535	""	https://doi.org/10.1002/9781118098141.ch2
antihypertensive agent	cardiovascular system	inhibition_general	""	ENSG00000138435	""	""	""	""	Urban et al. (2012)	CHRNA1	UBERON_0004535	""	https://doi.org/10.1002/9781118098141.ch2
dopaminergic modulation	respiratory	activation_general	""	ENSG00000138435	""	""	""	""	Urban et al. (2012)	CHRNA1	UBERON_0001004	""	https://doi.org/10.1002/9781118098141.ch2
serotoninergic modulation	respiratory	activation_general	""	ENSG00000138435	""	""	""	""	Urban et al. (2012)	CHRNA1	UBERON_0001004	""	https://doi.org/10.1002/9781118098141.ch2
glutamatergic modulation	respiratory	activation_general	""	ENSG00000138435	""	""	""	""	Urban et al. (2012)	CHRNA1	UBERON_0001004	""	https://doi.org/10.1002/9781118098141.ch2
cognitive effects	respiratory	activation_general	""	ENSG00000138435	""	""	""	""	Urban et al. (2012)	CHRNA1	UBERON_0001004	""	https://doi.org/10.1002/9781118098141.ch2
motor effects	respiratory	activation_general	""	ENSG00000138435	""	""	""	""	Urban et al. (2012)	CHRNA1	UBERON_0001004	""	https://doi.org/10.1002/9781118098141.ch2
analgesic effects	respiratory	activation_general	""	ENSG00000138435	""	""	""	""	Urban et al. (2012)	CHRNA1	UBERON_0001004	""	https://doi.org/10.1002/9781118098141.ch2
autonomic effects	respiratory	activation_general	""	ENSG00000138435	""	""	""	""	Urban et al. (2012)	CHRNA1	UBERON_0001004	""	https://doi.org/10.1002/9781118098141.ch2
respiratory effects	respiratory	activation_general	""	ENSG00000138435	""	""	""	""	Urban et al. (2012)	CHRNA1	UBERON_0001004	""	https://doi.org/10.1002/9781118098141.ch2
cardiovascular effects	respiratory	activation_general	""	ENSG00000138435	""	""	""	""	Urban et al. (2012)	CHRNA1	UBERON_0001004	""	https://doi.org/10.1002/9781118098141.ch2
gastrointestinal effects	respiratory	activation_general	""	ENSG00000138435	""	""	""	""	Urban et al. (2012)	CHRNA1	UBERON_0001004	""	https://doi.org/10.1002/9781118098141.ch2
muscle relaxant	respiratory	inhibition_general	""	ENSG00000138435	""	""	""	""	Urban et al. (2012)	CHRNA1	UBERON_0001004	""	https://doi.org/10.1002/9781118098141.ch2
antihypertensive agent	respiratory	inhibition_general	""	ENSG00000138435	""	""	""	""	Urban et al. (2012)	CHRNA1	UBERON_0001004	""	https://doi.org/10.1002/9781118098141.ch2
dopaminergic modulation	nervous system	activation_general	""	ENSG00000138435	""	""	""	""	Urban et al. (2012)	CHRNA1	UBERON_0001016	""	https://doi.org/10.1002/9781118098141.ch2
serotoninergic modulation	nervous system	activation_general	""	ENSG00000138435	""	""	""	""	Urban et al. (2012)	CHRNA1	UBERON_0001016	""	https://doi.org/10.1002/9781118098141.ch2
glutamatergic modulation	nervous system	activation_general	""	ENSG00000138435	""	""	""	""	Urban et al. (2012)	CHRNA1	UBERON_0001016	""	https://doi.org/10.1002/9781118098141.ch2
cognitive effects	nervous system	activation_general	""	ENSG00000138435	""	""	""	""	Urban et al. (2012)	CHRNA1	UBERON_0001016	""	https://doi.org/10.1002/9781118098141.ch2
motor effects	nervous system	activation_general	""	ENSG00000138435	""	""	""	""	Urban et al. (2012)	CHRNA1	UBERON_0001016	""	https://doi.org/10.1002/9781118098141.ch2
analgesic effects	nervous system	activation_general	""	ENSG00000138435	""	""	""	""	Urban et al. (2012)	CHRNA1	UBERON_0001016	""	https://doi.org/10.1002/9781118098141.ch2
autonomic effects	nervous system	activation_general	""	ENSG00000138435	""	""	""	""	Urban et al. (2012)	CHRNA1	UBERON_0001016	""	https://doi.org/10.1002/9781118098141.ch2
respiratory effects	nervous system	activation_general	""	ENSG00000138435	""	""	""	""	Urban et al. (2012)	CHRNA1	UBERON_0001016	""	https://doi.org/10.1002/9781118098141.ch2
cardiovascular effects	nervous system	activation_general	""	ENSG00000138435	""	""	""	""	Urban et al. (2012)	CHRNA1	UBERON_0001016	""	https://doi.org/10.1002/9781118098141.ch2
gastrointestinal effects	nervous system	activation_general	""	ENSG00000138435	""	""	""	""	Urban et al. (2012)	CHRNA1	UBERON_0001016	""	https://doi.org/10.1002/9781118098141.ch2
muscle relaxant	nervous system	inhibition_general	""	ENSG00000138435	""	""	""	""	Urban et al. (2012)	CHRNA1	UBERON_0001016	""	https://doi.org/10.1002/9781118098141.ch2
antihypertensive agent	nervous system	inhibition_general	""	ENSG00000138435	""	""	""	""	Urban et al. (2012)	CHRNA1	UBERON_0001016	""	https://doi.org/10.1002/9781118098141.ch2
dopaminergic modulation	gastrointestinal	activation_general	""	ENSG00000138435	""	""	""	""	Urban et al. (2012)	CHRNA1	UBERON_0005409	""	https://doi.org/10.1002/9781118098141.ch2
serotoninergic modulation	gastrointestinal	activation_general	""	ENSG00000138435	""	""	""	""	Urban et al. (2012)	CHRNA1	UBERON_0005409	""	https://doi.org/10.1002/9781118098141.ch2
glutamatergic modulation	gastrointestinal	activation_general	""	ENSG00000138435	""	""	""	""	Urban et al. (2012)	CHRNA1	UBERON_0005409	""	https://doi.org/10.1002/9781118098141.ch2
cognitive effects	gastrointestinal	activation_general	""	ENSG00000138435	""	""	""	""	Urban et al. (2012)	CHRNA1	UBERON_0005409	""	https://doi.org/10.1002/9781118098141.ch2
motor effects	gastrointestinal	activation_general	""	ENSG00000138435	""	""	""	""	Urban et al. (2012)	CHRNA1	UBERON_0005409	""	https://doi.org/10.1002/9781118098141.ch2
analgesic effects	gastrointestinal	activation_general	""	ENSG00000138435	""	""	""	""	Urban et al. (2012)	CHRNA1	UBERON_0005409	""	https://doi.org/10.1002/9781118098141.ch2
autonomic effects	gastrointestinal	activation_general	""	ENSG00000138435	""	""	""	""	Urban et al. (2012)	CHRNA1	UBERON_0005409	""	https://doi.org/10.1002/9781118098141.ch2
respiratory effects	gastrointestinal	activation_general	""	ENSG00000138435	""	""	""	""	Urban et al. (2012)	CHRNA1	UBERON_0005409	""	https://doi.org/10.1002/9781118098141.ch2
cardiovascular effects	gastrointestinal	activation_general	""	ENSG00000138435	""	""	""	""	Urban et al. (2012)	CHRNA1	UBERON_0005409	""	https://doi.org/10.1002/9781118098141.ch2
gastrointestinal effects	gastrointestinal	activation_general	""	ENSG00000138435	""	""	""	""	Urban et al. (2012)	CHRNA1	UBERON_0005409	""	https://doi.org/10.1002/9781118098141.ch2
muscle relaxant	gastrointestinal	inhibition_general	""	ENSG00000138435	""	""	""	""	Urban et al. (2012)	CHRNA1	UBERON_0005409	""	https://doi.org/10.1002/9781118098141.ch2
antihypertensive agent	gastrointestinal	inhibition_general	""	ENSG00000138435	""	""	""	""	Urban et al. (2012)	CHRNA1	UBERON_0005409	""	https://doi.org/10.1002/9781118098141.ch2
vasoconstriction	cardiovascular system	activation_general	""	ENSG00000151617	""	""	""	""	Urban et al. (2012)	EDNRA	UBERON_0004535	""	https://doi.org/10.1002/9781118098141.ch2
teratogenicity	cardiovascular system	inhibition_developmental toxicity	EFO_0009880	ENSG00000151617	""	""	""	""	Urban et al. (2012)	EDNRA	UBERON_0004535	""	https://doi.org/10.1002/9781118098141.ch2
bronchoconstriction	cardiovascular system	activation_general	EFO_0009836	ENSG00000151617	""	""	""	""	Urban et al. (2012)	EDNRA	UBERON_0004535	""	https://doi.org/10.1002/9781118098141.ch2
aldosterone secretion	cardiovascular system	activation_general	GO_0035932	ENSG00000151617	""	""	""	""	Urban et al. (2012)	EDNRA	UBERON_0004535	""	https://doi.org/10.1002/9781118098141.ch2
osteoblast proliferation	cardiovascular system	activation_general	GO_0033687	ENSG00000151617	""	""	""	""	Urban et al. (2012)	EDNRA	UBERON_0004535	""	https://doi.org/10.1002/9781118098141.ch2
hyperglycemia	cardiovascular system	inhibition_general	HP_0003074	ENSG00000142208	""	""	""	""	Urban et al. (2012)	AKT1	UBERON_0004535	""	https://doi.org/10.1002/9781118098141.ch2
apoptototic cell death in cancer cells	cardiovascular system	inhibition_general	""	ENSG00000142208	""	""	""	""	Urban et al. (2012)	AKT1	UBERON_0004535	""	https://doi.org/10.1002/9781118098141.ch2
antiinflammatory	cardiovascular system	inhibition_general	GO_0050728	ENSG00000073756	""	""	""	""	Urban et al. (2012)	PTGS2	UBERON_0004535	""	https://doi.org/10.1002/9781118098141.ch2
inhibits some mitogenic actions	cardiovascular system	inhibition_general	GO_0045839	ENSG00000073756	""	""	""	""	Urban et al. (2012)	PTGS2	UBERON_0004535	""	https://doi.org/10.1002/9781118098141.ch2
heart failure	cardiovascular system	inhibition_general	EFO_0000319	ENSG00000073756	""	""	""	""	Urban et al. (2012)	PTGS2	UBERON_0004535	""	https://doi.org/10.1002/9781118098141.ch2
clotting	cardiovascular system	inhibition_general	EFO_0000319	ENSG00000073756	""	""	""	""	Urban et al. (2012)	PTGS2	UBERON_0004535	""	https://doi.org/10.1002/9781118098141.ch2
increased risk of wound infections	cardiovascular system	inhibition_general	""	ENSG00000073756	""	""	""	""	Urban et al. (2012)	PTGS2	UBERON_0004535	""	https://doi.org/10.1002/9781118098141.ch2
supraventricular tachycardia	cardiovascular system	inhibition_general	HP_0004755	ENSG00000073756	""	""	""	""	Urban et al. (2012)	PTGS2	UBERON_0004535	""	https://doi.org/10.1002/9781118098141.ch2
hypotension	cardiovascular system	inhibition_general	EFO_0005251	ENSG00000073756	""	""	""	""	Urban et al. (2012)	PTGS2	UBERON_0004535	""	https://doi.org/10.1002/9781118098141.ch2
myocardial infarction	cardiovascular system	inhibition_general	EFO_0000612	ENSG00000073756	""	""	""	""	Urban et al. (2012)	PTGS2	UBERON_0004535	""	https://doi.org/10.1002/9781118098141.ch2
cerebrovascular events	cardiovascular system	inhibition_general	""	ENSG00000073756	""	""	""	""	Urban et al. (2012)	PTGS2	UBERON_0004535	""	https://doi.org/10.1002/9781118098141.ch2
increased blood pressure	nervous system	activation_general	HP_0032263	ENSG00000168539	""	""	""	""	Urban et al. (2012)	CHRM1	UBERON_0001016	""	https://doi.org/10.1002/9781118098141.ch2
disruption of cognitive functions such as learning and memory	nervous system	inhibition_general	HP_0100543	ENSG00000168539	""	""	""	""	Urban et al. (2012)	CHRM1	UBERON_0001016	""	https://doi.org/10.1002/9781118098141.ch2
increased heart rate	nervous system	activation_general	HP_0001649	ENSG00000168539	""	""	""	""	Urban et al. (2012)	CHRM1	UBERON_0001016	""	https://doi.org/10.1002/9781118098141.ch2
increased sympathetic outflow	nervous system	activation_general	""	ENSG00000168539	""	""	""	""	Urban et al. (2012)	CHRM1	UBERON_0001016	""	https://doi.org/10.1002/9781118098141.ch2
gastrointestinal side effects	nervous system	activation_general	HP_0012719	ENSG00000168539	""	""	""	""	Urban et al. (2012)	CHRM1	UBERON_0001016	""	https://doi.org/10.1002/9781118098141.ch2
regulation of circadian rhythm	nervous system	activation_general	GO_0042752	ENSG00000168539	""	""	""	""	Urban et al. (2012)	CHRM1	UBERON_0001016	""	https://doi.org/10.1002/9781118098141.ch2
increased blood pressure	gastrointestinal	activation_general	HP_0032263	ENSG00000168539	""	""	""	""	Urban et al. (2012)	CHRM1	UBERON_0005409	""	https://doi.org/10.1002/9781118098141.ch2
disruption of cognitive functions such as learning and memory	gastrointestinal	inhibition_general	HP_0100543	ENSG00000168539	""	""	""	""	Urban et al. (2012)	CHRM1	UBERON_0005409	""	https://doi.org/10.1002/9781118098141.ch2
increased heart rate	gastrointestinal	activation_general	HP_0001649	ENSG00000168539	""	""	""	""	Urban et al. (2012)	CHRM1	UBERON_0005409	""	https://doi.org/10.1002/9781118098141.ch2
increased sympathetic outflow	gastrointestinal	activation_general	""	ENSG00000168539	""	""	""	""	Urban et al. (2012)	CHRM1	UBERON_0005409	""	https://doi.org/10.1002/9781118098141.ch2
gastrointestinal side effects	gastrointestinal	activation_general	HP_0012719	ENSG00000168539	""	""	""	""	Urban et al. (2012)	CHRM1	UBERON_0005409	""	https://doi.org/10.1002/9781118098141.ch2
regulation of circadian rhythm	gastrointestinal	activation_general	GO_0042752	ENSG00000168539	""	""	""	""	Urban et al. (2012)	CHRM1	UBERON_0005409	""	https://doi.org/10.1002/9781118098141.ch2
increased blood pressure	cardiovascular system	activation_general	HP_0032263	ENSG00000168539	""	""	""	""	Urban et al. (2012)	CHRM1	UBERON_0004535	""	https://doi.org/10.1002/9781118098141.ch2
disruption of cognitive functions such as learning and memory	cardiovascular system	inhibition_general	HP_0100543	ENSG00000168539	""	""	""	""	Urban et al. (2012)	CHRM1	UBERON_0004535	""	https://doi.org/10.1002/9781118098141.ch2
increased heart rate	cardiovascular system	activation_general	HP_0001649	ENSG00000168539	""	""	""	""	Urban et al. (2012)	CHRM1	UBERON_0004535	""	https://doi.org/10.1002/9781118098141.ch2
increased sympathetic outflow	cardiovascular system	activation_general	""	ENSG00000168539	""	""	""	""	Urban et al. (2012)	CHRM1	UBERON_0004535	""	https://doi.org/10.1002/9781118098141.ch2
gastrointestinal side effects	cardiovascular system	activation_general	HP_0012719	ENSG00000168539	""	""	""	""	Urban et al. (2012)	CHRM1	UBERON_0004535	""	https://doi.org/10.1002/9781118098141.ch2
regulation of circadian rhythm	cardiovascular system	activation_general	GO_0042752	ENSG00000168539	""	""	""	""	Urban et al. (2012)	CHRM1	UBERON_0004535	""	https://doi.org/10.1002/9781118098141.ch2
startle reflex	cardiovascular system	activation_general	""	ENSG00000184160	""	""	""	""	Urban et al. (2012)	ADRA2C	UBERON_0004535	""	https://doi.org/10.1002/9781118098141.ch2
stress response	cardiovascular system	activation_general	""	ENSG00000184160	""	""	""	""	Urban et al. (2012)	ADRA2C	UBERON_0004535	""	https://doi.org/10.1002/9781118098141.ch2
locomotion	cardiovascular system	activation_general	""	ENSG00000184160	""	""	""	""	Urban et al. (2012)	ADRA2C	UBERON_0004535	""	https://doi.org/10.1002/9781118098141.ch2
venous contraction (contraction of human saphenous vein)	cardiovascular system	activation_general	""	ENSG00000184160	""	""	""	""	Urban et al. (2012)	ADRA2C	UBERON_0004535	""	https://doi.org/10.1002/9781118098141.ch2
hypertension	cardiovascular system	activation_general	EFO_0000537	ENSG00000184160	""	""	""	""	Urban et al. (2012)	ADRA2C	UBERON_0004535	""	https://doi.org/10.1002/9781118098141.ch2
cardiac ischemia	cardiovascular system	activation_general	EFO_1001375	ENSG00000184160	""	""	""	""	Urban et al. (2012)	ADRA2C	UBERON_0004535	""	https://doi.org/10.1002/9781118098141.ch2
startle reflex	central nervous system	activation_general	""	ENSG00000184160	""	""	""	""	Urban et al. (2012)	ADRA2C	UBERON_0001017	""	https://doi.org/10.1002/9781118098141.ch2
stress response	central nervous system	activation_general	""	ENSG00000184160	""	""	""	""	Urban et al. (2012)	ADRA2C	UBERON_0001017	""	https://doi.org/10.1002/9781118098141.ch2
locomotion	central nervous system	activation_general	""	ENSG00000184160	""	""	""	""	Urban et al. (2012)	ADRA2C	UBERON_0001017	""	https://doi.org/10.1002/9781118098141.ch2
venous contraction (contraction of human saphenous vein)	central nervous system	activation_general	""	ENSG00000184160	""	""	""	""	Urban et al. (2012)	ADRA2C	UBERON_0001017	""	https://doi.org/10.1002/9781118098141.ch2
hypertension	central nervous system	activation_general	EFO_0000537	ENSG00000184160	""	""	""	""	Urban et al. (2012)	ADRA2C	UBERON_0001017	""	https://doi.org/10.1002/9781118098141.ch2
cardiac ischemia	central nervous system	activation_general	EFO_1001375	ENSG00000184160	""	""	""	""	Urban et al. (2012)	ADRA2C	UBERON_0001017	""	https://doi.org/10.1002/9781118098141.ch2
immunosuppression	immune	activation_general	GO_0050777	ENSG00000282608	""	""	""	""	Urban et al. (2012)	ADORA3	UBERON_0002405	""	https://doi.org/10.1002/9781118098141.ch2
myocardial ischemia (inferred by author)	immune	inhibition_general	EFO_1001375	ENSG00000282608	""	""	""	""	Urban et al. (2012)	ADORA3	UBERON_0002405	""	https://doi.org/10.1002/9781118098141.ch2
proinflammatory effects (inferred by author)	immune	inhibition_general	GO_0050729	ENSG00000282608	""	""	""	""	Urban et al. (2012)	ADORA3	UBERON_0002405	""	https://doi.org/10.1002/9781118098141.ch2
hypertension (inferred by author)	immune	inhibition_general	EFO_0000537	ENSG00000282608	""	""	""	""	Urban et al. (2012)	ADORA3	UBERON_0002405	""	https://doi.org/10.1002/9781118098141.ch2
interference with the regulation of cell growth (inferred by author)	immune	inhibition_general	""	ENSG00000282608	""	""	""	""	Urban et al. (2012)	ADORA3	UBERON_0002405	""	https://doi.org/10.1002/9781118098141.ch2
hypotension	immune	activation_general	EFO_0005251	ENSG00000282608	""	""	""	""	Urban et al. (2012)	ADORA3	UBERON_0002405	""	https://doi.org/10.1002/9781118098141.ch2
antiischaemic (cardioprotective)	immune	activation_general	""	ENSG00000282608	""	""	""	""	Urban et al. (2012)	ADORA3	UBERON_0002405	""	https://doi.org/10.1002/9781118098141.ch2
proischemic (cerebral)	immune	activation_general	""	ENSG00000282608	""	""	""	""	Urban et al. (2012)	ADORA3	UBERON_0002405	""	https://doi.org/10.1002/9781118098141.ch2
cell necrosis	immune	activation_general	EFO_0009426	ENSG00000282608	""	""	""	""	Urban et al. (2012)	ADORA3	UBERON_0002405	""	https://doi.org/10.1002/9781118098141.ch2
cell proliferation	immune	activation_general	GO_0008283	ENSG00000282608	""	""	""	""	Urban et al. (2012)	ADORA3	UBERON_0002405	""	https://doi.org/10.1002/9781118098141.ch2
angiogenesis	immune	activation_general	""	ENSG00000282608	""	""	""	""	Urban et al. (2012)	ADORA3	UBERON_0002405	""	https://doi.org/10.1002/9781118098141.ch2
immunosuppression	cardiovascular system	activation_general	GO_0050777	ENSG00000282608	""	""	""	""	Urban et al. (2012)	ADORA3	UBERON_0004535	""	https://doi.org/10.1002/9781118098141.ch2
myocardial ischemia (inferred by author)	cardiovascular system	inhibition_general	EFO_1001375	ENSG00000282608	""	""	""	""	Urban et al. (2012)	ADORA3	UBERON_0004535	""	https://doi.org/10.1002/9781118098141.ch2
proinflammatory effects (inferred by author)	cardiovascular system	inhibition_general	GO_0050729	ENSG00000282608	""	""	""	""	Urban et al. (2012)	ADORA3	UBERON_0004535	""	https://doi.org/10.1002/9781118098141.ch2
hypertension (inferred by author)	cardiovascular system	inhibition_general	EFO_0000537	ENSG00000282608	""	""	""	""	Urban et al. (2012)	ADORA3	UBERON_0004535	""	https://doi.org/10.1002/9781118098141.ch2
interference with the regulation of cell growth (inferred by author)	cardiovascular system	inhibition_general	""	ENSG00000282608	""	""	""	""	Urban et al. (2012)	ADORA3	UBERON_0004535	""	https://doi.org/10.1002/9781118098141.ch2
hypotension	cardiovascular system	activation_general	EFO_0005251	ENSG00000282608	""	""	""	""	Urban et al. (2012)	ADORA3	UBERON_0004535	""	https://doi.org/10.1002/9781118098141.ch2
antiischaemic (cardioprotective)	cardiovascular system	activation_general	""	ENSG00000282608	""	""	""	""	Urban et al. (2012)	ADORA3	UBERON_0004535	""	https://doi.org/10.1002/9781118098141.ch2
proischemic (cerebral)	cardiovascular system	activation_general	""	ENSG00000282608	""	""	""	""	Urban et al. (2012)	ADORA3	UBERON_0004535	""	https://doi.org/10.1002/9781118098141.ch2
cell necrosis	cardiovascular system	activation_general	EFO_0009426	ENSG00000282608	""	""	""	""	Urban et al. (2012)	ADORA3	UBERON_0004535	""	https://doi.org/10.1002/9781118098141.ch2
cell proliferation	cardiovascular system	activation_general	GO_0008283	ENSG00000282608	""	""	""	""	Urban et al. (2012)	ADORA3	UBERON_0004535	""	https://doi.org/10.1002/9781118098141.ch2
angiogenesis	cardiovascular system	activation_general	""	ENSG00000282608	""	""	""	""	Urban et al. (2012)	ADORA3	UBERON_0004535	""	https://doi.org/10.1002/9781118098141.ch2
bradycardia	cardiovascular system	activation_general	HP_0001662	ENSG00000181072	""	""	""	""	Urban et al. (2012)	CHRM2	UBERON_0004535	""	https://doi.org/10.1002/9781118098141.ch2
palpitations	cardiovascular system	inhibition_general	HP_0001962	ENSG00000181072	""	""	""	""	Urban et al. (2012)	CHRM2	UBERON_0004535	""	https://doi.org/10.1002/9781118098141.ch2
dysrhythmia	cardiovascular system	inhibition_general	EFO_0004269	ENSG00000181072	""	""	""	""	Urban et al. (2012)	CHRM2	UBERON_0004535	""	https://doi.org/10.1002/9781118098141.ch2
peripheral edema	cardiovascular system	inhibition_general	""	ENSG00000181072	""	""	""	""	Urban et al. (2012)	CHRM2	UBERON_0004535	""	https://doi.org/10.1002/9781118098141.ch2
tachycardia	cardiovascular system	inhibition_general	HP_0001649	ENSG00000181072	""	""	""	""	Urban et al. (2012)	CHRM2	UBERON_0004535	""	https://doi.org/10.1002/9781118098141.ch2
vagal effects (key role in control of heart rate and smooth muscle activity)	cardiovascular system	activation_general	""	ENSG00000181072	""	""	""	""	Urban et al. (2012)	CHRM2	UBERON_0004535	""	https://doi.org/10.1002/9781118098141.ch2
smooth muscle relaxation	cardiovascular system	activation_general	""	ENSG00000169252	""	""	""	""	Urban et al. (2012)	ADRB2	UBERON_0004535	""	https://doi.org/10.1002/9781118098141.ch2
bradycardia	cardiovascular system	inhibition_general	HP_0001662	ENSG00000169252	""	""	""	""	Urban et al. (2012)	ADRB2	UBERON_0004535	""	https://doi.org/10.1002/9781118098141.ch2
cardiovascular performance	cardiovascular system	inhibition_general	EFO_0000319	ENSG00000169252	""	""	""	""	Urban et al. (2012)	ADRB2	UBERON_0004535	""	https://doi.org/10.1002/9781118098141.ch2
cardiac contractility	cardiovascular system	activation_general	GO_0045823	ENSG00000169252	""	""	""	""	Urban et al. (2012)	ADRB2	UBERON_0004535	""	https://doi.org/10.1002/9781118098141.ch2
hypotonia	cardiovascular system	activation_general	HP_0001252	ENSG00000169252	""	""	""	""	Urban et al. (2012)	ADRB2	UBERON_0004535	""	https://doi.org/10.1002/9781118098141.ch2
vasodilatation of the vascular beds of skeletal muscle	cardiovascular system	activation_general	""	ENSG00000169252	""	""	""	""	Urban et al. (2012)	ADRB2	UBERON_0004535	""	https://doi.org/10.1002/9781118098141.ch2
insomnia	gastrointestinal	inhibition_general	EFO_0004698	ENSG00000108576	""	""	""	""	Urban et al. (2012)	SLC6A4	UBERON_0005409	""	https://doi.org/10.1002/9781118098141.ch2
anxiety	gastrointestinal	inhibition_general	EFO_0005230	ENSG00000108576	""	""	""	""	Urban et al. (2012)	SLC6A4	UBERON_0005409	""	https://doi.org/10.1002/9781118098141.ch2
nausea and vomiting	gastrointestinal	inhibition_general	HP_0002017	ENSG00000108576	""	""	""	""	Urban et al. (2012)	SLC6A4	UBERON_0005409	""	https://doi.org/10.1002/9781118098141.ch2
sexual dysfunction	gastrointestinal	inhibition_general	EFO_0004714	ENSG00000108576	""	""	""	""	Urban et al. (2012)	SLC6A4	UBERON_0005409	""	https://doi.org/10.1002/9781118098141.ch2
gastrointestinal cramps	gastrointestinal	inhibition_general	HP_0032155	ENSG00000108576	""	""	""	""	Urban et al. (2012)	SLC6A4	UBERON_0005409	""	https://doi.org/10.1002/9781118098141.ch2
diarrhea	gastrointestinal	inhibition_general	HP_0002014	ENSG00000108576	""	""	""	""	Urban et al. (2012)	SLC6A4	UBERON_0005409	""	https://doi.org/10.1002/9781118098141.ch2
headache	gastrointestinal	inhibition_general	HP_0002315	ENSG00000108576	""	""	""	""	Urban et al. (2012)	SLC6A4	UBERON_0005409	""	https://doi.org/10.1002/9781118098141.ch2
valvular heart disease	gastrointestinal	inhibition_general	EFO_0009551	ENSG00000108576	""	""	""	""	Urban et al. (2012)	SLC6A4	UBERON_0005409	""	https://doi.org/10.1002/9781118098141.ch2
primary pulmonary hypertension	gastrointestinal	inhibition_general	MONDO_0001999	ENSG00000108576	""	""	""	""	Urban et al. (2012)	SLC6A4	UBERON_0005409	""	https://doi.org/10.1002/9781118098141.ch2
insomnia	cardiovascular system	inhibition_general	EFO_0004698	ENSG00000108576	""	""	""	""	Urban et al. (2012)	SLC6A4	UBERON_0004535	""	https://doi.org/10.1002/9781118098141.ch2
anxiety	cardiovascular system	inhibition_general	EFO_0005230	ENSG00000108576	""	""	""	""	Urban et al. (2012)	SLC6A4	UBERON_0004535	""	https://doi.org/10.1002/9781118098141.ch2
nausea and vomiting	cardiovascular system	inhibition_general	HP_0002017	ENSG00000108576	""	""	""	""	Urban et al. (2012)	SLC6A4	UBERON_0004535	""	https://doi.org/10.1002/9781118098141.ch2
sexual dysfunction	cardiovascular system	inhibition_general	EFO_0004714	ENSG00000108576	""	""	""	""	Urban et al. (2012)	SLC6A4	UBERON_0004535	""	https://doi.org/10.1002/9781118098141.ch2
gastrointestinal cramps	cardiovascular system	inhibition_general	HP_0032155	ENSG00000108576	""	""	""	""	Urban et al. (2012)	SLC6A4	UBERON_0004535	""	https://doi.org/10.1002/9781118098141.ch2
diarrhea	cardiovascular system	inhibition_general	HP_0002014	ENSG00000108576	""	""	""	""	Urban et al. (2012)	SLC6A4	UBERON_0004535	""	https://doi.org/10.1002/9781118098141.ch2
headache	cardiovascular system	inhibition_general	HP_0002315	ENSG00000108576	""	""	""	""	Urban et al. (2012)	SLC6A4	UBERON_0004535	""	https://doi.org/10.1002/9781118098141.ch2
valvular heart disease	cardiovascular system	inhibition_general	EFO_0009551	ENSG00000108576	""	""	""	""	Urban et al. (2012)	SLC6A4	UBERON_0004535	""	https://doi.org/10.1002/9781118098141.ch2
primary pulmonary hypertension	cardiovascular system	inhibition_general	MONDO_0001999	ENSG00000108576	""	""	""	""	Urban et al. (2012)	SLC6A4	UBERON_0004535	""	https://doi.org/10.1002/9781118098141.ch2
insomnia	nervous system	inhibition_general	EFO_0004698	ENSG00000108576	""	""	""	""	Urban et al. (2012)	SLC6A4	UBERON_0001016	""	https://doi.org/10.1002/9781118098141.ch2
anxiety	nervous system	inhibition_general	EFO_0005230	ENSG00000108576	""	""	""	""	Urban et al. (2012)	SLC6A4	UBERON_0001016	""	https://doi.org/10.1002/9781118098141.ch2
nausea and vomiting	nervous system	inhibition_general	HP_0002017	ENSG00000108576	""	""	""	""	Urban et al. (2012)	SLC6A4	UBERON_0001016	""	https://doi.org/10.1002/9781118098141.ch2
sexual dysfunction	nervous system	inhibition_general	EFO_0004714	ENSG00000108576	""	""	""	""	Urban et al. (2012)	SLC6A4	UBERON_0001016	""	https://doi.org/10.1002/9781118098141.ch2
gastrointestinal cramps	nervous system	inhibition_general	HP_0032155	ENSG00000108576	""	""	""	""	Urban et al. (2012)	SLC6A4	UBERON_0001016	""	https://doi.org/10.1002/9781118098141.ch2
diarrhea	nervous system	inhibition_general	HP_0002014	ENSG00000108576	""	""	""	""	Urban et al. (2012)	SLC6A4	UBERON_0001016	""	https://doi.org/10.1002/9781118098141.ch2
headache	nervous system	inhibition_general	HP_0002315	ENSG00000108576	""	""	""	""	Urban et al. (2012)	SLC6A4	UBERON_0001016	""	https://doi.org/10.1002/9781118098141.ch2
valvular heart disease	nervous system	inhibition_general	EFO_0009551	ENSG00000108576	""	""	""	""	Urban et al. (2012)	SLC6A4	UBERON_0001016	""	https://doi.org/10.1002/9781118098141.ch2
primary pulmonary hypertension	nervous system	inhibition_general	MONDO_0001999	ENSG00000108576	""	""	""	""	Urban et al. (2012)	SLC6A4	UBERON_0001016	""	https://doi.org/10.1002/9781118098141.ch2
cardiac valvulopathy	cardiovascular system	activation_general	""	ENSG00000135914	""	""	""	""	Urban et al. (2012)	HTR2B	UBERON_0004535	""	https://doi.org/10.1002/9781118098141.ch2
cardiac development effect leading to cardiomyopathy (based on knockout mouse data)	cardiovascular system	inhibition_developmental toxicity	EFO_0000318	ENSG00000135914	""	""	""	""	Urban et al. (2012)	HTR2B	UBERON_0004535	""	https://doi.org/10.1002/9781118098141.ch2
hypertension	cardiovascular system	activation_general	EFO_0000537	ENSG00000135914	""	""	""	""	Urban et al. (2012)	HTR2B	UBERON_0004535	""	https://doi.org/10.1002/9781118098141.ch2
increased mortality in heart failure patients	cardiovascular system	inhibition_chronic	""	ENSG00000152270	""	""	""	""	Urban et al. (2012)	PDE3B	UBERON_0004535	""	https://doi.org/10.1002/9781118098141.ch2
ventricular arrhythmias	cardiovascular system	inhibition_general	HP_0004308	ENSG00000152270	""	""	""	""	Urban et al. (2012)	PDE3B	UBERON_0004535	""	https://doi.org/10.1002/9781118098141.ch2
tachycardia	cardiovascular system	inhibition_general	HP_0001649	ENSG00000152270	""	""	""	""	Urban et al. (2012)	PDE3B	UBERON_0004535	""	https://doi.org/10.1002/9781118098141.ch2
hypotension	cardiovascular system	inhibition_general	EFO_0005251	ENSG00000152270	""	""	""	""	Urban et al. (2012)	PDE3B	UBERON_0004535	""	https://doi.org/10.1002/9781118098141.ch2
thrombocytopenia	cardiovascular system	inhibition_chronic	HP_0001873	ENSG00000152270	""	""	""	""	Urban et al. (2012)	PDE3B	UBERON_0004535	""	https://doi.org/10.1002/9781118098141.ch2
cardiac muscle stimulation	cardiovascular system	activation_general	GO_0045823	ENSG00000043591	""	""	""	""	Urban et al. (2012)	ADRB1	UBERON_0004535	""	https://doi.org/10.1002/9781118098141.ch2
increased heart rate	cardiovascular system	activation_general	GO_0045823	ENSG00000043591	""	""	""	""	Urban et al. (2012)	ADRB1	UBERON_0004535	""	https://doi.org/10.1002/9781118098141.ch2
increased force of contraction	cardiovascular system	activation_general	GO_0045823	ENSG00000043591	""	""	""	""	Urban et al. (2012)	ADRB1	UBERON_0004535	""	https://doi.org/10.1002/9781118098141.ch2
cardiovascular performance	cardiovascular system	inhibition_general	EFO_0000319	ENSG00000043591	""	""	""	""	Urban et al. (2012)	ADRB1	UBERON_0004535	""	https://doi.org/10.1002/9781118098141.ch2
bradycardia	cardiovascular system	inhibition_general	HP_0001662	ENSG00000043591	""	""	""	""	Urban et al. (2012)	ADRB1	UBERON_0004535	""	https://doi.org/10.1002/9781118098141.ch2
relaxation of blood vessels	cardiovascular system	activation_general	GO_0060087	ENSG00000043591	""	""	""	""	Urban et al. (2012)	ADRB1	UBERON_0004535	""	https://doi.org/10.1002/9781118098141.ch2
anxiolytic effects	nervous system	activation_general	EFO_0009874	ENSG00000164128	""	""	""	""	Urban et al. (2012)	NPY1R	UBERON_0001016	""	https://doi.org/10.1002/9781118098141.ch2
vasodilation (especially venous)	nervous system	inhibition_general	""	ENSG00000164128	""	""	""	""	Urban et al. (2012)	NPY1R	UBERON_0001016	""	https://doi.org/10.1002/9781118098141.ch2
increase in anxiety-related effects	nervous system	inhibition_general	EFO_0005230	ENSG00000164128	""	""	""	""	Urban et al. (2012)	NPY1R	UBERON_0001016	""	https://doi.org/10.1002/9781118098141.ch2
vasoconstriction	nervous system	activation_general	""	ENSG00000164128	""	""	""	""	Urban et al. (2012)	NPY1R	UBERON_0001016	""	https://doi.org/10.1002/9781118098141.ch2
vasodilation in subcutaneous arteries	nervous system	activation_general	""	ENSG00000164128	""	""	""	""	Urban et al. (2012)	NPY1R	UBERON_0001016	""	https://doi.org/10.1002/9781118098141.ch2
smooth-muscle cell growth	nervous system	activation_general	EFO_0009829	ENSG00000164128	""	""	""	""	Urban et al. (2012)	NPY1R	UBERON_0001016	""	https://doi.org/10.1002/9781118098141.ch2
atherosclerosis	nervous system	activation_general	EFO_0009829	ENSG00000164128	""	""	""	""	Urban et al. (2012)	NPY1R	UBERON_0001016	""	https://doi.org/10.1002/9781118098141.ch2
restenosis	nervous system	activation_general	EFO_0009829	ENSG00000164128	""	""	""	""	Urban et al. (2012)	NPY1R	UBERON_0001016	""	https://doi.org/10.1002/9781118098141.ch2
stroke	nervous system	activation_general	EFO_0009829	ENSG00000164128	""	""	""	""	Urban et al. (2012)	NPY1R	UBERON_0001016	""	https://doi.org/10.1002/9781118098141.ch2
stimulation of feeding behavior	nervous system	activation_general	HP_0100738	ENSG00000164128	""	""	""	""	Urban et al. (2012)	NPY1R	UBERON_0001016	""	https://doi.org/10.1002/9781118098141.ch2
anxiolytic effects	cardiovascular system	activation_general	EFO_0009874	ENSG00000164128	""	""	""	""	Urban et al. (2012)	NPY1R	UBERON_0004535	""	https://doi.org/10.1002/9781118098141.ch2
vasodilation (especially venous)	cardiovascular system	inhibition_general	""	ENSG00000164128	""	""	""	""	Urban et al. (2012)	NPY1R	UBERON_0004535	""	https://doi.org/10.1002/9781118098141.ch2
increase in anxiety-related effects	cardiovascular system	inhibition_general	EFO_0005230	ENSG00000164128	""	""	""	""	Urban et al. (2012)	NPY1R	UBERON_0004535	""	https://doi.org/10.1002/9781118098141.ch2
vasoconstriction	cardiovascular system	activation_general	""	ENSG00000164128	""	""	""	""	Urban et al. (2012)	NPY1R	UBERON_0004535	""	https://doi.org/10.1002/9781118098141.ch2
vasodilation in subcutaneous arteries	cardiovascular system	activation_general	""	ENSG00000164128	""	""	""	""	Urban et al. (2012)	NPY1R	UBERON_0004535	""	https://doi.org/10.1002/9781118098141.ch2
smooth-muscle cell growth	cardiovascular system	activation_general	EFO_0009829	ENSG00000164128	""	""	""	""	Urban et al. (2012)	NPY1R	UBERON_0004535	""	https://doi.org/10.1002/9781118098141.ch2
atherosclerosis	cardiovascular system	activation_general	EFO_0009829	ENSG00000164128	""	""	""	""	Urban et al. (2012)	NPY1R	UBERON_0004535	""	https://doi.org/10.1002/9781118098141.ch2
restenosis	cardiovascular system	activation_general	EFO_0009829	ENSG00000164128	""	""	""	""	Urban et al. (2012)	NPY1R	UBERON_0004535	""	https://doi.org/10.1002/9781118098141.ch2
stroke	cardiovascular system	activation_general	EFO_0009829	ENSG00000164128	""	""	""	""	Urban et al. (2012)	NPY1R	UBERON_0004535	""	https://doi.org/10.1002/9781118098141.ch2
stimulation of feeding behavior	cardiovascular system	activation_general	HP_0100738	ENSG00000164128	""	""	""	""	Urban et al. (2012)	NPY1R	UBERON_0004535	""	https://doi.org/10.1002/9781118098141.ch2
myocardial fibrosis	cardiovascular system	activation_general	HP_0001685	ENSG00000166148	""	""	""	""	Urban et al. (2012)	AVPR1A	UBERON_0004535	""	https://doi.org/10.1002/9781118098141.ch2
hypertrophy	cardiovascular system	activation_general	EFO_0002503	ENSG00000166148	""	""	""	""	Urban et al. (2012)	AVPR1A	UBERON_0004535	""	https://doi.org/10.1002/9781118098141.ch2
vasoconstriction	cardiovascular system	activation_general	""	ENSG00000166148	""	""	""	""	Urban et al. (2012)	AVPR1A	UBERON_0004535	""	https://doi.org/10.1002/9781118098141.ch2
heart failure	cardiovascular system	activation_general	EFO_0003144	ENSG00000166148	""	""	""	""	Urban et al. (2012)	AVPR1A	UBERON_0004535	""	https://doi.org/10.1002/9781118098141.ch2
stimulation of gastric acid secretion	gastrointestinal	activation_general	GO_0060454	ENSG00000113749	""	""	""	""	Urban et al. (2012)	HRH2	UBERON_0005409	""	https://doi.org/10.1002/9781118098141.ch2
reduction of gastric acid secretion	gastrointestinal	inhibition_general	GO_0060455	ENSG00000113749	""	""	""	""	Urban et al. (2012)	HRH2	UBERON_0005409	""	https://doi.org/10.1002/9781118098141.ch2
positive inotropic effect on the human ventricle	gastrointestinal	activation_general	GO_0045823	ENSG00000113749	""	""	""	""	Urban et al. (2012)	HRH2	UBERON_0005409	""	https://doi.org/10.1002/9781118098141.ch2
emesis	gastrointestinal	activation_general	HP_0002017	ENSG00000113749	""	""	""	""	Urban et al. (2012)	HRH2	UBERON_0005409	""	https://doi.org/10.1002/9781118098141.ch2
stimulation of gastric acid secretion	cardiovascular system	activation_general	GO_0060454	ENSG00000113749	""	""	""	""	Urban et al. (2012)	HRH2	UBERON_0004535	""	https://doi.org/10.1002/9781118098141.ch2
reduction of gastric acid secretion	cardiovascular system	inhibition_general	GO_0060455	ENSG00000113749	""	""	""	""	Urban et al. (2012)	HRH2	UBERON_0004535	""	https://doi.org/10.1002/9781118098141.ch2
positive inotropic effect on the human ventricle	cardiovascular system	activation_general	GO_0045823	ENSG00000113749	""	""	""	""	Urban et al. (2012)	HRH2	UBERON_0004535	""	https://doi.org/10.1002/9781118098141.ch2
emesis	cardiovascular system	activation_general	HP_0002017	ENSG00000113749	""	""	""	""	Urban et al. (2012)	HRH2	UBERON_0004535	""	https://doi.org/10.1002/9781118098141.ch2
cardiomyocyte hyperproliferation	cardiovascular system	activation_general	""	ENSG00000123374	""	""	""	""	Urban et al. (2012)	CDK2	UBERON_0004535	""	https://doi.org/10.1002/9781118098141.ch2
